use motions2;

INSERT INTO `users` (`id`, `email`, `password`, `first_name`, `last_name`, `birthday`, `phone`, `created_at`, `updated_at`) VALUES (2, 'estelle10@example.org', '0bf0907542ddc0dca8f8560202a1464fd3c305ea', 'Mckayla', 'O\'Kon', '2019-01-26', '03532124949', '2010-03-09 14:35:41', '2019-10-15 15:34:00');
INSERT INTO `users` (`id`, `email`, `password`, `first_name`, `last_name`, `birthday`, `phone`, `created_at`, `updated_at`) VALUES (3, 'ansel32@example.org', '30c3f42c305e949abf2dc5372ab523a048fc88a0', 'Kaylie', 'Osinski', '1983-01-23', '(996)546-7344x97847', '2004-02-10 06:41:24', '2011-09-10 01:23:12');
INSERT INTO `users` (`id`, `email`, `password`, `first_name`, `last_name`, `birthday`, `phone`, `created_at`, `updated_at`) VALUES (4, 'henderson47@example.net', '994b7f09f6efeff109cf69662b5889cb1faa4ae2', 'Hattie', 'Yost', '2000-12-01', '(630)632-2566x180', '2004-10-18 07:58:53', '2020-01-11 15:15:02');
INSERT INTO `users` (`id`, `email`, `password`, `first_name`, `last_name`, `birthday`, `phone`, `created_at`, `updated_at`) VALUES (5, 'guido.pfeffer@example.net', 'ba781c763ad99343b4fe7f3e574992b6ea5d8277', 'Cynthia', 'Hand', '1997-05-05', '(512)266-7476x006', '2007-05-18 17:22:08', '2012-01-20 12:16:17');
INSERT INTO `users` (`id`, `email`, `password`, `first_name`, `last_name`, `birthday`, `phone`, `created_at`, `updated_at`) VALUES (6, 'rwalker@example.net', '08618be99aabeaaa626a544fa7152adb065c3830', 'Amina', 'O\'Hara', '1977-06-05', '080-216-2423', '2005-12-02 13:45:56', '2012-04-08 01:15:55');
INSERT INTO `users` (`id`, `email`, `password`, `first_name`, `last_name`, `birthday`, `phone`, `created_at`, `updated_at`) VALUES (7, 'jeffrey76@example.org', 'a4d601f63c82d2c77fc8be151ad7f4f4f118fa41', 'Ahmad', 'Reichel', '2000-10-25', '(946)259-2257x6678', '2010-07-02 20:55:08', '2018-12-25 07:42:12');
INSERT INTO `users` (`id`, `email`, `password`, `first_name`, `last_name`, `birthday`, `phone`, `created_at`, `updated_at`) VALUES (8, 'elisa34@example.org', '3fa7b93fe539cd8dedbf5b451b62ce82770bbb47', 'Hellen', 'Haley', '1996-04-21', '115.290.6591x1325', '2005-03-27 18:33:52', '2020-03-03 09:04:29');
INSERT INTO `users` (`id`, `email`, `password`, `first_name`, `last_name`, `birthday`, `phone`, `created_at`, `updated_at`) VALUES (9, 'marie83@example.org', '89f6e70369e81d0aaba05e147841538c303dbc2c', 'Ebony', 'Gottlieb', '1994-05-25', '575-654-9527', '2001-06-19 11:35:05', '2020-06-01 18:18:18');
INSERT INTO `users` (`id`, `email`, `password`, `first_name`, `last_name`, `birthday`, `phone`, `created_at`, `updated_at`) VALUES (10, 'ecrooks@example.org', '0a594ea95a804b18d0cb4c6c35ad6774eeb56690', 'Jeromy', 'Stokes', '1982-03-24', '(620)408-8639x6702', '2001-05-23 01:34:16', '2011-03-26 10:42:13');
INSERT INTO `users` (`id`, `email`, `password`, `first_name`, `last_name`, `birthday`, `phone`, `created_at`, `updated_at`) VALUES (11, 'alycia20@example.org', '88366c183810d7335cad2ecd41466f756caac0a9', 'Krystina', 'Kshlerin', '1977-03-31', '1-801-222-5973x468', '2005-12-28 02:21:14', '2019-02-04 03:54:26');
INSERT INTO `users` (`id`, `email`, `password`, `first_name`, `last_name`, `birthday`, `phone`, `created_at`, `updated_at`) VALUES (12, 'cathy52@example.net', '94b45cbfbdafb5eda18dfc6c8b7d302fc7e5c9ee', 'Elinor', 'Jerde', '1992-09-29', '08196934257', '2006-10-25 12:01:15', '2018-12-14 14:49:13');
INSERT INTO `users` (`id`, `email`, `password`, `first_name`, `last_name`, `birthday`, `phone`, `created_at`, `updated_at`) VALUES (13, 'jake81@example.net', '61cb830cc6883c13ba3fea0289de7bc6a34ccc11', 'Renee', 'Swaniawski', '1995-06-30', '1-407-921-9987x2219', '2001-12-15 18:45:55', '2013-09-30 16:23:06');
INSERT INTO `users` (`id`, `email`, `password`, `first_name`, `last_name`, `birthday`, `phone`, `created_at`, `updated_at`) VALUES (14, 'aletha.jast@example.org', '578fa700e50e6eef3c4b93a1d1224de18a270078', 'Rosie', 'Prohaska', '1972-12-30', '753.504.1109x38165', '2003-09-16 12:23:49', '2015-10-15 15:08:52');
INSERT INTO `users` (`id`, `email`, `password`, `first_name`, `last_name`, `birthday`, `phone`, `created_at`, `updated_at`) VALUES (15, 'estokes@example.net', 'fcf6f31ccf151dcc1e9246d9815c7b339543d0cc', 'Lacy', 'Schuster', '1984-04-17', '1-897-637-3091x4999', '2005-05-07 18:18:54', '2017-08-25 16:58:07');
INSERT INTO `users` (`id`, `email`, `password`, `first_name`, `last_name`, `birthday`, `phone`, `created_at`, `updated_at`) VALUES (16, 'qconnelly@example.net', '8ef48051a398e474b4a564917c1ab9e4cc58faed', 'Kendra', 'Schultz', '1971-07-11', '04178856533', '2010-04-27 05:50:17', '2019-09-29 20:46:36');
INSERT INTO `users` (`id`, `email`, `password`, `first_name`, `last_name`, `birthday`, `phone`, `created_at`, `updated_at`) VALUES (17, 'weber.anabel@example.org', '7fe2eca87d4549220743e9775fcbe85c25dc4000', 'Abdiel', 'Sanford', '2007-06-25', '305.829.0076x91481', '2002-01-14 01:15:56', '2016-11-01 15:37:21');
INSERT INTO `users` (`id`, `email`, `password`, `first_name`, `last_name`, `birthday`, `phone`, `created_at`, `updated_at`) VALUES (18, 'porn@example.net', '0405836d53fc8b850f2edd2c5f8a3845b8a09e26', 'Giuseppe', 'Heidenreich', '2019-02-21', '795.650.8441x9433', '2009-05-07 20:34:18', '2012-08-09 00:45:14');
INSERT INTO `users` (`id`, `email`, `password`, `first_name`, `last_name`, `birthday`, `phone`, `created_at`, `updated_at`) VALUES (19, 'ffeil@example.com', '08008454acf940df39a48fdab6cb5cbeb853d9ad', 'Janessa', 'Roob', '2015-04-04', '(444)489-1513x7256', '2010-01-21 14:33:09', '2018-10-04 13:20:03');
INSERT INTO `users` (`id`, `email`, `password`, `first_name`, `last_name`, `birthday`, `phone`, `created_at`, `updated_at`) VALUES (20, 'abbott.coty@example.net', '2d19704995a28cbf6dcea1cbd8afd1ea765decc0', 'Eliseo', 'Rempel', '2017-09-15', '+63(6)4767060846', '2005-03-17 13:22:40', '2016-11-24 00:23:59');
INSERT INTO `users` (`id`, `email`, `password`, `first_name`, `last_name`, `birthday`, `phone`, `created_at`, `updated_at`) VALUES (21, 'green.lily@example.org', '8df20d8d678d57b8d45592d4337eb21531d7522e', 'Will', 'Kris', '1989-01-08', '116.217.1925', '2008-12-06 02:14:10', '2013-07-02 03:18:50');
INSERT INTO `users` (`id`, `email`, `password`, `first_name`, `last_name`, `birthday`, `phone`, `created_at`, `updated_at`) VALUES (22, 'mmcglynn@example.com', '4255c3800b74313dce293e733879c93aa056ee9e', 'Leslie', 'Fadel', '1997-03-17', '773.989.6132x482', '2000-11-25 06:46:18', '2019-03-18 16:17:27');
INSERT INTO `users` (`id`, `email`, `password`, `first_name`, `last_name`, `birthday`, `phone`, `created_at`, `updated_at`) VALUES (23, 'rosina.konopelski@example.net', '985cc32edba7a4d47b612b629c252298d9783d68', 'Webster', 'Ziemann', '1983-04-14', '+66(0)6718914496', '2002-03-02 07:47:00', '2015-10-24 15:13:02');
INSERT INTO `users` (`id`, `email`, `password`, `first_name`, `last_name`, `birthday`, `phone`, `created_at`, `updated_at`) VALUES (24, 'friedrich.metz@example.net', '5544703c24bb057e270f4ae02071adbfc2b33efa', 'Carmella', 'Kuvalis', '1980-01-25', '776.392.0323', '2001-10-26 03:11:44', '2014-09-27 13:19:19');
INSERT INTO `users` (`id`, `email`, `password`, `first_name`, `last_name`, `birthday`, `phone`, `created_at`, `updated_at`) VALUES (25, 'taylor34@example.com', '0e1ee0df74abcbe3897ef9a66581b2f058a7b47b', 'Marta', 'Stehr', '2013-06-14', '1-992-586-4474x115', '2009-04-09 19:47:54', '2018-01-16 10:01:18');
INSERT INTO `users` (`id`, `email`, `password`, `first_name`, `last_name`, `birthday`, `phone`, `created_at`, `updated_at`) VALUES (26, 'amya70@example.org', 'a849aa19cd122611c8f78c415e535855f42deddf', 'Cordie', 'Funk', '2004-06-21', '938-641-4989', '2004-11-10 18:59:27', '2011-11-22 02:45:04');
INSERT INTO `users` (`id`, `email`, `password`, `first_name`, `last_name`, `birthday`, `phone`, `created_at`, `updated_at`) VALUES (27, 'reanna.mcdermott@example.org', '5737b1012a491d744a1d93f34895d09a645186c0', 'Julie', 'Hickle', '2015-09-17', '01998760111', '2005-07-03 06:44:36', '2015-10-23 19:14:15');
INSERT INTO `users` (`id`, `email`, `password`, `first_name`, `last_name`, `birthday`, `phone`, `created_at`, `updated_at`) VALUES (28, 'ashlee.mclaughlin@example.net', '8c6089883cdb4684ac5d55018263e6eaa30fb413', 'Hildegard', 'Keebler', '1996-09-14', '(112)738-7279x352', '2008-06-05 12:56:19', '2018-10-30 21:27:07');
INSERT INTO `users` (`id`, `email`, `password`, `first_name`, `last_name`, `birthday`, `phone`, `created_at`, `updated_at`) VALUES (29, 'cielo.jast@example.org', '93b55507d6637b771884b8e36197ca728e588e5b', 'Maybelle', 'Mertz', '1983-02-17', '1-212-781-7497x02747', '2003-09-15 08:03:39', '2015-02-08 06:05:09');
INSERT INTO `users` (`id`, `email`, `password`, `first_name`, `last_name`, `birthday`, `phone`, `created_at`, `updated_at`) VALUES (30, 'predovic.rodrick@example.net', '79aa2b4dc6e2eb930b2afed1b783d679a4287d76', 'Elenora', 'Barrows', '2017-12-30', '135-128-2964x117', '2002-02-02 08:39:57', '2020-07-20 15:16:06');
INSERT INTO `users` (`id`, `email`, `password`, `first_name`, `last_name`, `birthday`, `phone`, `created_at`, `updated_at`) VALUES (31, 'jaqueline.cummerata@example.net', '7d4acfb3b27a9b27cbcd30459824ceddbc73572c', 'Sarina', 'Russel', '1992-05-22', '1-947-662-0794x1856', '2006-11-23 20:29:30', '2016-01-29 08:49:50');
INSERT INTO `users` (`id`, `email`, `password`, `first_name`, `last_name`, `birthday`, `phone`, `created_at`, `updated_at`) VALUES (32, 'lavon51@example.net', 'a4ff66c73917c770491cf1a20485ca5ce11ce626', 'Lester', 'Sipes', '2005-11-22', '751.377.5438', '2008-12-14 14:47:43', '2013-06-11 19:12:31');
INSERT INTO `users` (`id`, `email`, `password`, `first_name`, `last_name`, `birthday`, `phone`, `created_at`, `updated_at`) VALUES (33, 'andreanne.batz@example.org', '735d376586829cc0a65f388b0314f9c8a3187b6e', 'Abagail', 'O\'Kon', '2000-01-23', '809.436.3797x9761', '2009-04-20 02:31:18', '2013-01-02 23:13:52');
INSERT INTO `users` (`id`, `email`, `password`, `first_name`, `last_name`, `birthday`, `phone`, `created_at`, `updated_at`) VALUES (34, 'camden59@example.org', 'df6acc81e48cf9e8d6b879b036dede9ef2bd97a2', 'Federico', 'McGlynn', '1994-11-17', '143.741.7418x6936', '2009-08-30 16:45:38', '2014-07-17 11:38:30');
INSERT INTO `users` (`id`, `email`, `password`, `first_name`, `last_name`, `birthday`, `phone`, `created_at`, `updated_at`) VALUES (35, 'jaylan43@example.com', 'f9a31e44ac3f57518d9975dd49e5791b23613c46', 'Derrick', 'Wyman', '2001-06-19', '083.700.3706', '2004-04-30 23:11:26', '2014-06-24 21:11:32');
INSERT INTO `users` (`id`, `email`, `password`, `first_name`, `last_name`, `birthday`, `phone`, `created_at`, `updated_at`) VALUES (36, 'alexane29@example.net', '250840bcffe8fc7a6ae8adfa114346960e73d61d', 'Ruben', 'DuBuque', '2015-07-12', '09428138835', '2002-11-29 07:38:26', '2012-08-09 09:11:16');
INSERT INTO `users` (`id`, `email`, `password`, `first_name`, `last_name`, `birthday`, `phone`, `created_at`, `updated_at`) VALUES (37, 'rosalee91@example.org', 'd6dd3d8dd0e6087fefb723ddee0767ddf60c1be9', 'Celestine', 'Ryan', '1996-12-25', '(216)352-7404', '2000-10-19 07:54:23', '2015-03-26 03:42:19');
INSERT INTO `users` (`id`, `email`, `password`, `first_name`, `last_name`, `birthday`, `phone`, `created_at`, `updated_at`) VALUES (38, 'shane@example.net', '85996a2fe02f16a0b86b21c3d4f83a3726c89fb5', 'Trevion', 'Grimes', '1970-06-07', '(701)089-8387x002', '2005-01-24 04:02:36', '2016-02-06 08:03:37');
INSERT INTO `users` (`id`, `email`, `password`, `first_name`, `last_name`, `birthday`, `phone`, `created_at`, `updated_at`) VALUES (39, 'donnelly.chadrick@example.net', '4c0ddea5e8a3cc24e5698abec261bd2a708f9142', 'Abagail', 'Lubowitz', '1970-10-14', '+91(9)6864096878', '2007-02-23 11:21:52', '2018-03-28 15:37:29');
INSERT INTO `users` (`id`, `email`, `password`, `first_name`, `last_name`, `birthday`, `phone`, `created_at`, `updated_at`) VALUES (40, 'osbaldo.zboncak@example.org', '925d0ad3b156c6c7274acb74d0588e76994c007f', 'Ivy', 'Schmeler', '2013-02-10', '1-214-137-4901x734', '2007-01-03 01:30:10', '2016-12-01 04:20:56');
INSERT INTO `users` (`id`, `email`, `password`, `first_name`, `last_name`, `birthday`, `phone`, `created_at`, `updated_at`) VALUES (41, 'eden.mcglynn@example.org', 'c9aceea2facffb22342a5ba9409721e7f10fd823', 'Margret', 'Mitchell', '1996-12-18', '+97(5)4643669477', '2003-11-03 16:49:55', '2010-09-18 09:56:49');
INSERT INTO `users` (`id`, `email`, `password`, `first_name`, `last_name`, `birthday`, `phone`, `created_at`, `updated_at`) VALUES (42, 'aubree.lemke@example.org', '1e10ad272faced0a4d456bb00352b593b21366ea', 'Julius', 'Murray', '1995-03-26', '+62(3)2455399250', '2010-03-02 16:21:38', '2012-06-26 08:03:17');
INSERT INTO `users` (`id`, `email`, `password`, `first_name`, `last_name`, `birthday`, `phone`, `created_at`, `updated_at`) VALUES (43, 'norbert10@example.org', '2cab86888967c3db79229f6fc72facc44a53a3cd', 'Isac', 'Hilpert', '1989-08-02', '673.190.4864x1305', '2005-12-09 03:36:38', '2011-03-28 18:40:34');
INSERT INTO `users` (`id`, `email`, `password`, `first_name`, `last_name`, `birthday`, `phone`, `created_at`, `updated_at`) VALUES (44, 'brennon.becker@example.net', 'a3520b5bfa0d6aba46f02dc03d10dc8134ab7566', 'Ariel', 'Walker', '2009-12-25', '111.500.0619', '2007-03-12 09:20:18', '2010-12-05 10:19:43');
INSERT INTO `users` (`id`, `email`, `password`, `first_name`, `last_name`, `birthday`, `phone`, `created_at`, `updated_at`) VALUES (45, 'loyal83@example.org', '913b6c89e6b7f0ebdc9109113ec0bdaa06bf722f', 'Karine', 'Ullrich', '1995-04-12', '03000650669', '2006-09-06 20:49:51', '2018-09-05 23:12:37');
INSERT INTO `users` (`id`, `email`, `password`, `first_name`, `last_name`, `birthday`, `phone`, `created_at`, `updated_at`) VALUES (46, 'aaliyah.leuschke@example.net', 'fbeeccfc6bd971467d043ea4eb96d5a3a92ec227', 'Tito', 'Terry', '1996-08-14', '(201)046-0851', '2009-02-11 03:35:36', '2016-01-07 15:23:46');
INSERT INTO `users` (`id`, `email`, `password`, `first_name`, `last_name`, `birthday`, `phone`, `created_at`, `updated_at`) VALUES (47, 'marlen97@example.com', '57632d14286fb2def33a828a3e70047a32543206', 'Shannon', 'Prohaska', '2004-01-12', '1-160-980-6063', '2004-06-29 10:34:50', '2018-02-01 19:13:50');
INSERT INTO `users` (`id`, `email`, `password`, `first_name`, `last_name`, `birthday`, `phone`, `created_at`, `updated_at`) VALUES (48, 'farrell.constantin@example.net', 'd7cc447288388b0f07e9447477fa66b6c8de1cf7', 'Concepcion', 'Boyle', '1976-02-11', '(249)987-6663x36888', '2006-11-02 09:53:41', '2019-05-25 02:18:42');
INSERT INTO `users` (`id`, `email`, `password`, `first_name`, `last_name`, `birthday`, `phone`, `created_at`, `updated_at`) VALUES (49, 'davonte10@example.net', 'bfd7b8ff2ce4dbd94aba7d6428455044a54c30c1', 'Forest', 'Klein', '1975-08-11', '855.124.7820x7565', '2005-08-05 12:04:40', '2015-12-07 01:03:57');
INSERT INTO `users` (`id`, `email`, `password`, `first_name`, `last_name`, `birthday`, `phone`, `created_at`, `updated_at`) VALUES (50, 'stiedemann.prince@example.org', 'b52880d29291399036a9f6f77085a4189f0c2779', 'Simeon', 'Welch', '2004-01-09', '1-876-425-1334x6356', '2009-03-08 04:45:09', '2017-02-27 17:09:10');
INSERT INTO `users` (`id`, `email`, `password`, `first_name`, `last_name`, `birthday`, `phone`, `created_at`, `updated_at`) VALUES (51, 'romaguera.bethel@example.net', 'b1a1975138e2247e9afd06fbd85b85e02aa06155', 'Marco', 'Buckridge', '2018-04-23', '581-864-5037', '2003-12-25 07:34:39', '2012-03-06 16:11:30');
INSERT INTO `users` (`id`, `email`, `password`, `first_name`, `last_name`, `birthday`, `phone`, `created_at`, `updated_at`) VALUES (52, 'nitzsche.francis@example.org', '48c45b557e09cbe15b458db9c9bd4b78047cacfc', 'Colby', 'Moore', '1992-07-21', '364.578.8051x8483', '2009-05-08 08:55:43', '2017-07-26 02:01:10');
INSERT INTO `users` (`id`, `email`, `password`, `first_name`, `last_name`, `birthday`, `phone`, `created_at`, `updated_at`) VALUES (53, 'sister09@example.com', '3fbd679ea41362a90d245451408b235624aaa56a', 'Jane', 'Prosacco', '1989-12-07', '469-156-0637x08273', '2009-12-21 05:11:36', '2016-05-30 01:10:46');
INSERT INTO `users` (`id`, `email`, `password`, `first_name`, `last_name`, `birthday`, `phone`, `created_at`, `updated_at`) VALUES (54, 'una.sipes@example.net', 'b26437e9c611fcbfb55686d6d4c9ca84933b642d', 'Gayle', 'Pacocha', '1988-08-06', '(477)242-3272x08296', '2007-09-26 18:30:15', '2017-11-10 10:39:48');
INSERT INTO `users` (`id`, `email`, `password`, `first_name`, `last_name`, `birthday`, `phone`, `created_at`, `updated_at`) VALUES (55, 'qlegros@example.com', '0bc6e621f0d7530dbf389904c475885f536d611c', 'Yolanda', 'Mohr', '1984-10-29', '1-118-231-6330', '2007-12-21 11:11:38', '2019-04-29 13:14:13');
INSERT INTO `users` (`id`, `email`, `password`, `first_name`, `last_name`, `birthday`, `phone`, `created_at`, `updated_at`) VALUES (56, 'era40@example.org', '429d35c8b0e3c4119d2480c8d9655b035d62fe24', 'Kip', 'Kuhn', '1990-08-02', '+66(9)8169452445', '2004-10-24 14:45:57', '2018-08-23 03:22:55');
INSERT INTO `users` (`id`, `email`, `password`, `first_name`, `last_name`, `birthday`, `phone`, `created_at`, `updated_at`) VALUES (57, 'tcrist@example.net', '60f4517bf1dcb89e6409d0e001642e9422a1fae2', 'Torrey', 'Jast', '1975-11-20', '117-247-4606x5709', '2010-04-20 13:33:36', '2019-04-06 12:21:42');
INSERT INTO `users` (`id`, `email`, `password`, `first_name`, `last_name`, `birthday`, `phone`, `created_at`, `updated_at`) VALUES (58, 'vcarter@example.net', 'b46de663e98c08f0dc6ff2fc637befdafab93a6b', 'Hobart', 'Kuvalis', '1990-02-22', '(768)676-9206x394', '2000-08-28 20:05:51', '2010-09-27 02:45:14');
INSERT INTO `users` (`id`, `email`, `password`, `first_name`, `last_name`, `birthday`, `phone`, `created_at`, `updated_at`) VALUES (59, 'katlyn.blanda@example.net', '179b24a029094de20134135b13aa24f049966bd7', 'Keven', 'Nader', '1992-03-17', '(255)600-0335x77451', '2001-06-23 23:37:57', '2015-07-27 04:00:16');
INSERT INTO `users` (`id`, `email`, `password`, `first_name`, `last_name`, `birthday`, `phone`, `created_at`, `updated_at`) VALUES (60, 'keegan10@example.com', 'a7e626406714ccd90dfc9fd6287f432049dc9643', 'Wilbert', 'Brakus', '1981-01-14', '04331593372', '2002-08-02 22:17:16', '2020-01-26 20:23:59');
INSERT INTO `users` (`id`, `email`, `password`, `first_name`, `last_name`, `birthday`, `phone`, `created_at`, `updated_at`) VALUES (61, 'vandervort.edd@example.net', 'ca7fedb0f8674248ac0a42a0044197f0f836480d', 'Anthony', 'Aufderhar', '1990-09-14', '515-314-4482x34149', '2009-05-04 00:07:31', '2012-11-25 08:04:51');
INSERT INTO `users` (`id`, `email`, `password`, `first_name`, `last_name`, `birthday`, `phone`, `created_at`, `updated_at`) VALUES (62, 'auer.august@example.com', '0d951633c1e4a4c8d77e22e3d3e91005ddd38c1f', 'Dexter', 'Denesik', '1994-03-09', '138-902-2001x26481', '2003-06-23 15:28:04', '2011-06-09 12:19:50');
INSERT INTO `users` (`id`, `email`, `password`, `first_name`, `last_name`, `birthday`, `phone`, `created_at`, `updated_at`) VALUES (63, 'gail72@example.org', '3f9582beb24f7f9cf17e0cb5f2a053f1ca13429f', 'Guy', 'Wintheiser', '1995-07-11', '(771)613-1373', '2002-06-21 07:31:44', '2019-09-17 22:27:39');
INSERT INTO `users` (`id`, `email`, `password`, `first_name`, `last_name`, `birthday`, `phone`, `created_at`, `updated_at`) VALUES (64, 'tianna27@example.net', '72ca975536804ad1580f341901a2a39a48afa8db', 'Luna', 'Baumbach', '2013-10-24', '501.658.5577', '2007-07-16 05:25:30', '2017-03-22 12:12:59');
INSERT INTO `users` (`id`, `email`, `password`, `first_name`, `last_name`, `birthday`, `phone`, `created_at`, `updated_at`) VALUES (65, 'emile.huels@example.com', 'a306bd139d009448e1c1b59ecdf39f614c82e978', 'Izaiah', 'Kreiger', '2006-02-12', '257-292-8600', '2007-04-12 13:47:45', '2015-11-14 09:57:04');
INSERT INTO `users` (`id`, `email`, `password`, `first_name`, `last_name`, `birthday`, `phone`, `created_at`, `updated_at`) VALUES (66, 'ila98@example.net', 'b3172a52b92e95a092279b0c1e5b3876ff125a12', 'Jayson', 'Upton', '2017-02-27', '374-422-9087', '2004-05-21 11:26:24', '2017-11-28 20:45:08');
INSERT INTO `users` (`id`, `email`, `password`, `first_name`, `last_name`, `birthday`, `phone`, `created_at`, `updated_at`) VALUES (67, 'verla48@example.org', 'fcef8db96a0682c24114ca3635559f9f66558496', 'Bell', 'Funk', '1998-06-21', '637-541-3646x4992', '2010-02-27 21:15:32', '2014-03-08 08:59:36');
INSERT INTO `users` (`id`, `email`, `password`, `first_name`, `last_name`, `birthday`, `phone`, `created_at`, `updated_at`) VALUES (68, 'sziemann@example.com', 'a8511f94e8c981eb47377a680d517730ead305f5', 'Erin', 'Herzog', '1977-12-18', '+31(3)6636413533', '2006-05-24 23:20:54', '2018-03-19 15:02:38');
INSERT INTO `users` (`id`, `email`, `password`, `first_name`, `last_name`, `birthday`, `phone`, `created_at`, `updated_at`) VALUES (69, 'sschimmel@example.net', '300335ee4b62c4ee2d16c42cd3c80254e9b70d70', 'Hildegard', 'Kilback', '1974-01-03', '09269561731', '2008-12-06 01:59:51', '2015-03-11 16:13:52');
INSERT INTO `users` (`id`, `email`, `password`, `first_name`, `last_name`, `birthday`, `phone`, `created_at`, `updated_at`) VALUES (70, 'bernhard.hamill@example.org', '03abaae385d136465500c3e5e74b69572ef65297', 'Stephanie', 'O\'Conner', '1979-04-12', '398.288.1808', '2008-11-30 18:34:28', '2015-03-19 05:14:57');
INSERT INTO `users` (`id`, `email`, `password`, `first_name`, `last_name`, `birthday`, `phone`, `created_at`, `updated_at`) VALUES (71, 'zreinger@example.net', 'd3adfac41a051e0038f08f08aac6b11c5ab5f76b', 'Nellie', 'Predovic', '2007-05-15', '(364)396-0993x00732', '2002-12-20 09:00:40', '2015-11-15 16:40:35');
INSERT INTO `users` (`id`, `email`, `password`, `first_name`, `last_name`, `birthday`, `phone`, `created_at`, `updated_at`) VALUES (72, 'vtillman@example.net', 'e36a0ba760d5f7f8a0f55137aa2e3b94f93e4a6e', 'Jake', 'Wyman', '1992-05-07', '113.861.4376x7595', '2009-04-25 19:30:47', '2012-01-25 10:34:29');
INSERT INTO `users` (`id`, `email`, `password`, `first_name`, `last_name`, `birthday`, `phone`, `created_at`, `updated_at`) VALUES (73, 'bednar.mohammad@example.org', '9c4b853dd43ca2fb15156ecd4fd884633a07da99', 'Keanu', 'Wintheiser', '1984-01-16', '057.806.1894x71314', '2001-09-14 01:01:21', '2012-10-21 00:09:26');
INSERT INTO `users` (`id`, `email`, `password`, `first_name`, `last_name`, `birthday`, `phone`, `created_at`, `updated_at`) VALUES (74, 'kunde.juana@example.org', '8b2c0de65acc6a2f8d50aaa350e7d97e0148d29c', 'Wayne', 'Champlin', '1970-05-24', '03749763774', '2002-08-25 12:50:50', '2019-06-06 10:44:02');
INSERT INTO `users` (`id`, `email`, `password`, `first_name`, `last_name`, `birthday`, `phone`, `created_at`, `updated_at`) VALUES (75, 'angie97@example.com', 'cb60ff34dedad4f87570f092294f698a2c7a7c06', 'Libby', 'Jakubowski', '1980-08-08', '(430)270-2707', '2001-04-14 12:31:16', '2015-06-14 14:31:52');
INSERT INTO `users` (`id`, `email`, `password`, `first_name`, `last_name`, `birthday`, `phone`, `created_at`, `updated_at`) VALUES (76, 'kade72@example.org', '8be6307c1dfeed5a615f10e165d9ae7c30ca1c85', 'Bethany', 'Wunsch', '1980-03-25', '958.334.7147x87451', '2001-07-15 07:27:59', '2020-04-17 22:36:19');
INSERT INTO `users` (`id`, `email`, `password`, `first_name`, `last_name`, `birthday`, `phone`, `created_at`, `updated_at`) VALUES (77, 'klittel@example.net', 'e9ec3e301502342c8fd71634c637c1f8dfc9856b', 'Dean', 'Wilkinson', '1977-11-06', '08365298166', '2004-01-02 11:55:37', '2013-12-11 23:37:05');
INSERT INTO `users` (`id`, `email`, `password`, `first_name`, `last_name`, `birthday`, `phone`, `created_at`, `updated_at`) VALUES (78, 'ulebsack@example.net', 'b93f7a0598d6684a9831f158a9f2e9b9895c6a5b', 'Kian', 'Waters', '2019-02-10', '(362)001-6865x041', '2001-09-09 06:41:30', '2014-12-06 22:40:46');
INSERT INTO `users` (`id`, `email`, `password`, `first_name`, `last_name`, `birthday`, `phone`, `created_at`, `updated_at`) VALUES (79, 'linda.lubowitz@example.net', 'acb0c8765b7af9213a5afc003fd906ad6d1f78e0', 'Felicita', 'Smitham', '1998-02-02', '1-018-940-2766x890', '2004-07-13 22:55:10', '2011-12-09 06:30:08');
INSERT INTO `users` (`id`, `email`, `password`, `first_name`, `last_name`, `birthday`, `phone`, `created_at`, `updated_at`) VALUES (80, 'kmoen@example.net', 'ba5e1a7ee3ac62dedd186a8ed8fc0b0e3f9c2ab7', 'Citlalli', 'Hintz', '1977-05-06', '1-408-837-0305', '2008-02-29 05:47:41', '2016-07-14 18:28:28');
INSERT INTO `users` (`id`, `email`, `password`, `first_name`, `last_name`, `birthday`, `phone`, `created_at`, `updated_at`) VALUES (81, 'npredovic@example.com', 'abdb31c24a3b9d283a494ef4e738ff091c01e0d8', 'Gabrielle', 'Nolan', '2003-05-29', '(727)218-8980x92325', '2004-04-05 21:34:17', '2012-09-29 03:16:27');
INSERT INTO `users` (`id`, `email`, `password`, `first_name`, `last_name`, `birthday`, `phone`, `created_at`, `updated_at`) VALUES (82, 'kianna31@example.org', 'f5bbf1a99de0d317f13730e557e3a937b45b2da2', 'Howard', 'Jaskolski', '1997-05-04', '286.221.5055x67420', '2001-09-19 02:11:39', '2019-04-04 08:54:37');
INSERT INTO `users` (`id`, `email`, `password`, `first_name`, `last_name`, `birthday`, `phone`, `created_at`, `updated_at`) VALUES (83, 'whermiston@example.org', '4f8b071f7f78a51fd71dee9772cb7c25a148e67d', 'Emilie', 'Weissnat', '2001-08-08', '561.706.2192x3731', '2009-12-24 06:15:28', '2018-02-12 15:20:58');
INSERT INTO `users` (`id`, `email`, `password`, `first_name`, `last_name`, `birthday`, `phone`, `created_at`, `updated_at`) VALUES (84, 'kamille00@example.org', '3b79b9e4e8f862ff40960f7c7eeb529fac48cb2d', 'Silas', 'Purdy', '2008-02-06', '03350050877', '2009-01-11 15:07:51', '2012-06-06 22:11:43');
INSERT INTO `users` (`id`, `email`, `password`, `first_name`, `last_name`, `birthday`, `phone`, `created_at`, `updated_at`) VALUES (85, 'bfahey@example.com', '6370f0011da6e467666c3172615a30642de1d461', 'Mona', 'Ward', '2008-09-06', '(660)095-0091x42172', '2002-10-20 00:03:40', '2018-10-16 08:52:03');
INSERT INTO `users` (`id`, `email`, `password`, `first_name`, `last_name`, `birthday`, `phone`, `created_at`, `updated_at`) VALUES (86, 'jaida11@example.org', 'e39fb3212b5b6f46f66c62260061a00f8aae3319', 'Kellen', 'Tillman', '1994-11-17', '(857)165-5769x986', '2008-02-05 19:21:06', '2019-07-25 22:04:56');
INSERT INTO `users` (`id`, `email`, `password`, `first_name`, `last_name`, `birthday`, `phone`, `created_at`, `updated_at`) VALUES (87, 'ari99@example.net', '384e5ad30f16f4c9e3225500266517ca071ee144', 'Candice', 'Bartell', '1991-02-13', '1-001-089-7344x32605', '2003-12-17 08:27:52', '2010-12-06 14:56:45');
INSERT INTO `users` (`id`, `email`, `password`, `first_name`, `last_name`, `birthday`, `phone`, `created_at`, `updated_at`) VALUES (88, 'gay59@example.net', '7835bb5c74f47d1c93ad1c3016a151f24f1a737a', 'Chanelle', 'Stark', '1984-03-01', '1-226-476-8369x2702', '2002-02-07 09:46:38', '2014-05-04 04:17:56');
INSERT INTO `users` (`id`, `email`, `password`, `first_name`, `last_name`, `birthday`, `phone`, `created_at`, `updated_at`) VALUES (89, 'stevie00@example.net', '758046ecf7d3397375972f297c80deffa03c8a27', 'Duncan', 'Kertzmann', '2008-12-08', '884-753-3267', '2003-06-09 02:11:54', '2015-12-13 04:11:03');
INSERT INTO `users` (`id`, `email`, `password`, `first_name`, `last_name`, `birthday`, `phone`, `created_at`, `updated_at`) VALUES (90, 'maegan.trantow@example.net', 'b340c565a8c8a6585a8563ab9e73e6cbb9d3eaa5', 'Jonathan', 'Friesen', '2004-03-01', '970.074.3216x010', '2006-07-01 05:56:37', '2017-04-21 22:57:19');
INSERT INTO `users` (`id`, `email`, `password`, `first_name`, `last_name`, `birthday`, `phone`, `created_at`, `updated_at`) VALUES (91, 'reese.boyer@example.net', '35221ff27dc9d18467d318d5a2042029faed5684', 'Trenton', 'Gulgowski', '2017-04-20', '1-788-007-8133', '2010-06-07 01:16:31', '2013-01-27 01:39:36');
INSERT INTO `users` (`id`, `email`, `password`, `first_name`, `last_name`, `birthday`, `phone`, `created_at`, `updated_at`) VALUES (92, 'davon.vonrueden@example.org', '3a59ae9f401514c2addb5aef23d4cf8bb74d7fb5', 'Santino', 'Rutherford', '2016-12-06', '1-423-575-2771x4455', '2003-08-22 01:01:24', '2015-01-01 21:10:43');
INSERT INTO `users` (`id`, `email`, `password`, `first_name`, `last_name`, `birthday`, `phone`, `created_at`, `updated_at`) VALUES (93, 'wschmidt@example.org', 'c5127c049b44b07d6f564bce3bce47dac50f5708', 'Catharine', 'Fahey', '2012-05-29', '400.792.9746', '2002-06-18 18:05:59', '2014-09-06 11:37:23');
INSERT INTO `users` (`id`, `email`, `password`, `first_name`, `last_name`, `birthday`, `phone`, `created_at`, `updated_at`) VALUES (94, 'sherman51@example.org', '654919df51c4916b5602d16bde829e4fe2781376', 'Nayeli', 'Witting', '1991-09-17', '(486)205-4358x45839', '2006-02-11 17:31:13', '2011-08-26 00:34:15');
INSERT INTO `users` (`id`, `email`, `password`, `first_name`, `last_name`, `birthday`, `phone`, `created_at`, `updated_at`) VALUES (95, 'wiegand.domenica@example.org', 'dba09ad8bf63e58ea0d54c0759bc0222489bd5b3', 'Liliana', 'Padberg', '1978-11-03', '09697690525', '2004-06-01 20:36:57', '2010-12-15 23:38:28');
INSERT INTO `users` (`id`, `email`, `password`, `first_name`, `last_name`, `birthday`, `phone`, `created_at`, `updated_at`) VALUES (96, 'breana.heller@example.com', 'b842390f6932f9ce63e7e154d3a95336be5bb454', 'Jeanie', 'Leuschke', '2009-05-30', '370.417.2978x14509', '2000-10-29 10:35:06', '2015-06-21 02:56:56');
INSERT INTO `users` (`id`, `email`, `password`, `first_name`, `last_name`, `birthday`, `phone`, `created_at`, `updated_at`) VALUES (97, 'kenton32@example.net', '776d17c79cb4d960e018b33cdfb9736e17f82d92', 'Erick', 'Cole', '2016-08-22', '(661)580-6775', '2007-04-07 09:24:18', '2016-01-08 05:29:01');
INSERT INTO `users` (`id`, `email`, `password`, `first_name`, `last_name`, `birthday`, `phone`, `created_at`, `updated_at`) VALUES (98, 'stark.porter@example.com', '61c0988d43cf9af24da03ad6869b767e21743989', 'Branson', 'Friesen', '1975-11-24', '066-279-8640', '2002-01-22 00:20:08', '2016-03-17 06:48:32');
INSERT INTO `users` (`id`, `email`, `password`, `first_name`, `last_name`, `birthday`, `phone`, `created_at`, `updated_at`) VALUES (99, 'yvette.quitzon@example.org', 'b5a469b9ede3be8fd45f15952e71a38a1eda4e7d', 'Bethel', 'Rath', '2020-06-05', '(450)427-5329', '2007-11-25 12:10:47', '2017-01-17 09:18:16');
INSERT INTO `users` (`id`, `email`, `password`, `first_name`, `last_name`, `birthday`, `phone`, `created_at`, `updated_at`) VALUES (100, 'ara.brown@example.org', '0362c122ad535dcdd61dbf439d2e73f4efe5b5ba', 'Norbert', 'Bradtke', '2020-03-16', '(428)902-7847x83828', '2001-03-27 23:20:59', '2014-04-09 03:12:52');



INSERT INTO `channels` (`id`, `name`, `description`, `author_id`, `created_at`, `updated_at`) VALUES (1, 'hic', 'Molestias consequatur molestiae suscipit iste ipsum. Sunt sapiente odio temporibus veniam. Consequatur sed voluptas consequatur eveniet harum.', 1, '2000-12-31 02:08:01', '2018-11-23 21:31:22');
INSERT INTO `channels` (`id`, `name`, `description`, `author_id`, `created_at`, `updated_at`) VALUES (2, 'totam', 'Incidunt alias libero reiciendis in voluptas ex eum. Sit enim ratione veniam optio suscipit aliquid aut beatae. Consequatur aut qui quidem consequuntur quam. Mollitia dolorem eaque nisi dolor exercitationem.', 2, '2009-02-08 21:08:41', '2012-01-01 11:13:19');
INSERT INTO `channels` (`id`, `name`, `description`, `author_id`, `created_at`, `updated_at`) VALUES (3, 'autem', 'Doloremque nemo quae cupiditate odit aut. Est reprehenderit quia molestiae et iure. Deleniti ut est recusandae et dignissimos harum aut. Quam beatae amet ex ducimus et hic ipsam.', 3, '2002-10-25 16:12:41', '2019-04-26 19:28:00');
INSERT INTO `channels` (`id`, `name`, `description`, `author_id`, `created_at`, `updated_at`) VALUES (4, 'et', 'Et consequatur aperiam velit aut. Omnis libero voluptatibus et asperiores cum suscipit fugit.', 4, '2004-09-05 06:17:06', '2016-09-20 18:40:07');
INSERT INTO `channels` (`id`, `name`, `description`, `author_id`, `created_at`, `updated_at`) VALUES (5, 'ut', 'Impedit est numquam ea recusandae ut et. Iure laudantium at molestiae. Cum neque temporibus non id officiis mollitia aut. Quaerat omnis soluta provident ducimus nihil numquam.', 5, '2005-05-13 21:46:48', '2014-07-30 12:23:41');
INSERT INTO `channels` (`id`, `name`, `description`, `author_id`, `created_at`, `updated_at`) VALUES (6, 'ut', 'Aut ut enim doloribus ullam. Non soluta tempora ut modi. Omnis sit voluptatem aut est.', 6, '2009-11-22 00:19:26', '2017-08-26 00:53:43');
INSERT INTO `channels` (`id`, `name`, `description`, `author_id`, `created_at`, `updated_at`) VALUES (7, 'sint', 'Doloribus aspernatur velit autem eaque in earum quaerat. Enim tempora voluptatem modi ea vel mollitia in. Provident sunt est consequatur numquam expedita quasi. Consectetur corrupti in amet placeat debitis ut.', 7, '2001-10-26 02:18:03', '2019-11-27 09:07:38');
INSERT INTO `channels` (`id`, `name`, `description`, `author_id`, `created_at`, `updated_at`) VALUES (8, 'quae', 'Distinctio quis perferendis officia consequuntur dolore consequuntur provident. Eos neque sunt similique corrupti quo qui hic.', 8, '2007-12-08 08:28:56', '2017-03-02 08:57:32');
INSERT INTO `channels` (`id`, `name`, `description`, `author_id`, `created_at`, `updated_at`) VALUES (9, 'nobis', 'Id rerum molestias quis enim fuga a illum. Repellat occaecati nostrum nulla ea. Deserunt ut vitae cum enim ullam. Et quidem dolores occaecati incidunt qui rem.', 9, '2002-11-25 11:36:54', '2016-05-24 10:04:34');
INSERT INTO `channels` (`id`, `name`, `description`, `author_id`, `created_at`, `updated_at`) VALUES (10, 'eos', 'Sint molestiae aut officiis alias dolores excepturi veniam. Est quia ullam quo laborum consequatur iste magnam. At et quos laborum dignissimos qui. Quae quia voluptatum officiis temporibus quos.', 10, '2000-11-05 02:11:28', '2017-10-18 20:27:49');
INSERT INTO `channels` (`id`, `name`, `description`, `author_id`, `created_at`, `updated_at`) VALUES (11, 'voluptates', 'Perspiciatis expedita facilis voluptatem veritatis iusto quia. Velit suscipit est illo est et voluptas. Aut saepe quae quis dolores.', 11, '2006-07-30 17:30:18', '2020-07-10 23:57:34');
INSERT INTO `channels` (`id`, `name`, `description`, `author_id`, `created_at`, `updated_at`) VALUES (12, 'veritatis', 'Esse nisi totam fugit sequi qui. Nam nam facere harum vero. Vel molestiae repellendus molestiae sit aspernatur quaerat adipisci. Illo quia eos facilis fuga iure.', 12, '2002-11-07 08:01:39', '2015-11-27 23:12:22');
INSERT INTO `channels` (`id`, `name`, `description`, `author_id`, `created_at`, `updated_at`) VALUES (13, 'amet', 'Dolores sed consequatur aut aperiam voluptatem est nostrum sit. Rerum magnam nihil facilis nam qui. Ut alias rerum necessitatibus quas ut nobis deserunt. Molestiae ad numquam dolorem asperiores odio.', 13, '2006-08-19 04:41:26', '2017-10-11 08:11:53');
INSERT INTO `channels` (`id`, `name`, `description`, `author_id`, `created_at`, `updated_at`) VALUES (14, 'aut', 'Amet commodi porro est itaque minima aut numquam. Est molestiae non incidunt. Excepturi quia illum ad qui voluptatem sint. Culpa aut quia ea neque eum.', 14, '2008-03-25 21:28:19', '2011-02-02 03:40:06');
INSERT INTO `channels` (`id`, `name`, `description`, `author_id`, `created_at`, `updated_at`) VALUES (15, 'velit', 'Nemo velit et fuga perspiciatis. Harum vel ducimus explicabo velit quo ad vitae. Explicabo quisquam cum natus dicta labore adipisci. Voluptatem natus ipsa ut. Voluptas accusantium nihil et perspiciatis quidem autem.', 15, '2000-08-13 16:00:27', '2013-08-01 13:25:18');
INSERT INTO `channels` (`id`, `name`, `description`, `author_id`, `created_at`, `updated_at`) VALUES (16, 'quo', 'Quae voluptatem beatae dolorum in. Quo ipsam iste voluptatem. Animi nemo cum dolore quod nisi.', 16, '2007-05-09 05:07:12', '2013-02-13 11:07:52');
INSERT INTO `channels` (`id`, `name`, `description`, `author_id`, `created_at`, `updated_at`) VALUES (17, 'fugit', 'Quia ex consequatur nostrum. Delectus voluptatem quis id itaque omnis nisi. Repellendus qui harum qui qui.', 17, '2004-07-10 23:56:41', '2011-09-13 05:52:48');
INSERT INTO `channels` (`id`, `name`, `description`, `author_id`, `created_at`, `updated_at`) VALUES (18, 'quam', 'Ea enim aperiam dicta reiciendis aut. Temporibus aut unde perferendis accusantium aut ut consequatur qui. Deserunt omnis omnis laborum in qui temporibus ut sed. Minima aliquam quia blanditiis rerum.', 18, '2006-03-31 22:59:52', '2018-10-17 08:39:04');
INSERT INTO `channels` (`id`, `name`, `description`, `author_id`, `created_at`, `updated_at`) VALUES (19, 'sit', 'Eius omnis voluptas beatae neque sunt porro ipsam. Atque velit corporis ullam. Nihil fugiat architecto odio unde. Doloremque omnis dolor sit accusamus et tenetur itaque sed.', 19, '2010-07-06 21:46:08', '2011-09-11 03:07:06');
INSERT INTO `channels` (`id`, `name`, `description`, `author_id`, `created_at`, `updated_at`) VALUES (20, 'est', 'Eos voluptas dolores enim animi molestias. Officiis expedita omnis minima libero eum molestiae. Voluptas nesciunt fugit architecto necessitatibus. Maiores voluptatum soluta dignissimos molestiae.', 20, '2001-04-15 14:32:29', '2020-07-17 02:38:31');
INSERT INTO `channels` (`id`, `name`, `description`, `author_id`, `created_at`, `updated_at`) VALUES (21, 'qui', 'Et voluptate ex corrupti aut. Vel ea cumque ea. Dolores quis temporibus et rerum quae nam.', 21, '2005-05-02 11:42:23', '2013-12-18 09:14:48');
INSERT INTO `channels` (`id`, `name`, `description`, `author_id`, `created_at`, `updated_at`) VALUES (22, 'possimus', 'Aspernatur aliquam enim impedit quia optio reiciendis sunt. Quasi rem consequuntur ipsam temporibus libero occaecati alias.', 22, '2000-09-02 07:17:01', '2012-10-30 08:43:33');
INSERT INTO `channels` (`id`, `name`, `description`, `author_id`, `created_at`, `updated_at`) VALUES (23, 'nihil', 'Temporibus dignissimos unde debitis nisi omnis ratione. Minus voluptas temporibus debitis illo. Sapiente veritatis rerum optio consequatur doloremque. Expedita accusantium cum voluptatibus quibusdam ullam. A aut fugit iure facere sint eos.', 23, '2002-06-08 22:29:06', '2011-10-22 14:47:59');
INSERT INTO `channels` (`id`, `name`, `description`, `author_id`, `created_at`, `updated_at`) VALUES (24, 'nisi', 'Eaque modi et nostrum in facere nam. Totam totam nemo nisi natus quos. Facere magnam debitis optio eos incidunt maiores. Voluptatem quibusdam non et vel.', 24, '2006-03-29 22:30:02', '2013-03-18 08:41:34');
INSERT INTO `channels` (`id`, `name`, `description`, `author_id`, `created_at`, `updated_at`) VALUES (25, 'enim', 'Asperiores ut rerum vero adipisci. Nisi qui et voluptatem ut sunt. Voluptate neque neque reiciendis maiores exercitationem voluptatem aut porro. Est consequatur vero id amet fuga.', 25, '2003-11-26 08:14:45', '2015-04-07 11:45:57');
INSERT INTO `channels` (`id`, `name`, `description`, `author_id`, `created_at`, `updated_at`) VALUES (26, 'inventore', 'Et rerum dignissimos tempora accusantium rerum sunt corporis tempore. Minima et autem dolore neque quibusdam quod autem quis. Illo est laudantium ipsa vitae.', 26, '2000-11-22 15:35:25', '2019-04-13 22:27:39');
INSERT INTO `channels` (`id`, `name`, `description`, `author_id`, `created_at`, `updated_at`) VALUES (27, 'libero', 'Eaque magnam quod voluptas amet dolores est eaque qui. Aliquam optio quaerat et quaerat. Ut rerum voluptates culpa blanditiis fugiat vitae.', 27, '2005-05-06 19:52:21', '2018-10-07 21:53:06');
INSERT INTO `channels` (`id`, `name`, `description`, `author_id`, `created_at`, `updated_at`) VALUES (28, 'aperiam', 'Harum alias quod atque porro. Modi est fugiat consequatur eum veritatis necessitatibus corporis. Aut dolor culpa sit nobis temporibus. Quam nisi error dignissimos molestias in eos fugiat corporis.', 28, '2005-08-09 01:25:59', '2016-01-14 23:45:21');
INSERT INTO `channels` (`id`, `name`, `description`, `author_id`, `created_at`, `updated_at`) VALUES (29, 'omnis', 'Qui minima fugiat et esse cum dolorem quo. Iusto odit sit repudiandae. Culpa magni dolorum alias velit maiores et fugit. Soluta omnis veniam cupiditate quisquam enim nesciunt.', 29, '2009-03-19 14:15:15', '2017-12-22 10:03:33');
INSERT INTO `channels` (`id`, `name`, `description`, `author_id`, `created_at`, `updated_at`) VALUES (30, 'aliquid', 'Quo est optio dolores iste. Omnis a cupiditate rerum recusandae. Deserunt aut autem dolores dolor quia et itaque. Qui repellendus et veritatis et quae itaque vitae.', 30, '2008-11-15 10:51:10', '2011-07-31 09:30:59');
INSERT INTO `channels` (`id`, `name`, `description`, `author_id`, `created_at`, `updated_at`) VALUES (31, 'saepe', 'Porro nobis quo voluptatem quis totam. Deleniti accusamus animi aperiam quaerat et provident id. Asperiores iure sint voluptatem consequatur dolores non aliquam.', 31, '2009-05-21 11:10:19', '2014-07-24 00:22:16');
INSERT INTO `channels` (`id`, `name`, `description`, `author_id`, `created_at`, `updated_at`) VALUES (32, 'aut', 'Dicta quisquam molestias nesciunt vel. Iusto eos incidunt est ea qui. Eveniet qui modi ipsum veritatis velit molestiae.', 32, '2008-07-03 02:53:26', '2019-04-02 20:16:47');
INSERT INTO `channels` (`id`, `name`, `description`, `author_id`, `created_at`, `updated_at`) VALUES (33, 'et', 'Nihil aut rerum rerum voluptas. Vel praesentium quis optio impedit et. Amet asperiores dolorum placeat.', 33, '2009-03-20 18:12:43', '2019-10-17 04:01:45');
INSERT INTO `channels` (`id`, `name`, `description`, `author_id`, `created_at`, `updated_at`) VALUES (34, 'dolorem', 'Eveniet eum cum esse ea nulla ut quibusdam facere. Ut architecto rerum praesentium sint. Libero blanditiis et quibusdam numquam est facilis et. Tempora et beatae quia qui a a alias.', 34, '2003-12-14 12:10:38', '2014-02-28 01:29:28');
INSERT INTO `channels` (`id`, `name`, `description`, `author_id`, `created_at`, `updated_at`) VALUES (35, 'officia', 'Voluptatem blanditiis ducimus nemo mollitia est a illum. Ut id molestias sit aut. Dolor perspiciatis quis dolores eos sequi qui sunt. Quibusdam repellendus qui et rem unde.', 35, '2001-05-11 20:56:16', '2017-09-09 07:30:13');
INSERT INTO `channels` (`id`, `name`, `description`, `author_id`, `created_at`, `updated_at`) VALUES (36, 'possimus', 'Voluptas necessitatibus architecto magnam cum asperiores. Officiis aut et qui quia. Ipsa maxime est dignissimos.', 36, '2001-10-11 01:31:09', '2020-04-19 15:56:53');
INSERT INTO `channels` (`id`, `name`, `description`, `author_id`, `created_at`, `updated_at`) VALUES (37, 'repellat', 'Dolorum mollitia enim magni exercitationem et ut. Ut occaecati natus voluptatibus repellat. Fugiat perferendis sunt omnis quo ea aut eos quia. Voluptate distinctio quibusdam consequatur quas et assumenda excepturi. Sequi provident doloremque et voluptas et quia.', 37, '2010-03-17 12:21:44', '2018-02-18 11:13:52');
INSERT INTO `channels` (`id`, `name`, `description`, `author_id`, `created_at`, `updated_at`) VALUES (38, 'magnam', 'Consequatur dicta architecto quibusdam totam eum. Molestiae blanditiis autem quae ducimus.', 38, '2004-09-13 12:43:32', '2015-06-12 17:34:30');
INSERT INTO `channels` (`id`, `name`, `description`, `author_id`, `created_at`, `updated_at`) VALUES (39, 'aut', 'Ab fugiat ut est reprehenderit autem voluptas rerum et. Accusamus vitae aliquid voluptates ea adipisci. Alias ut autem earum qui quis sint. Voluptatem aut ratione et ipsa hic maiores.', 39, '2003-05-19 05:24:51', '2013-06-29 12:00:15');
INSERT INTO `channels` (`id`, `name`, `description`, `author_id`, `created_at`, `updated_at`) VALUES (40, 'et', 'Molestias incidunt itaque excepturi officia natus eveniet. Ut consequatur rerum molestiae. Consequatur accusantium cupiditate autem possimus placeat et. Voluptatem odio occaecati et deserunt vitae iste consequatur.', 40, '2009-05-13 22:05:28', '2019-09-10 05:50:09');
INSERT INTO `channels` (`id`, `name`, `description`, `author_id`, `created_at`, `updated_at`) VALUES (41, 'aut', 'Architecto consequatur dolore vel laborum non nihil. Vero pariatur sequi dolor distinctio facere.', 41, '2005-01-07 03:29:14', '2017-04-22 03:20:03');
INSERT INTO `channels` (`id`, `name`, `description`, `author_id`, `created_at`, `updated_at`) VALUES (42, 'et', 'Omnis voluptatem ea iusto neque. Eum aut dolor maxime fuga illo perferendis repellat. Eum ab facere qui maxime non totam eum nisi.', 42, '2002-09-30 15:45:03', '2011-03-20 18:54:45');
INSERT INTO `channels` (`id`, `name`, `description`, `author_id`, `created_at`, `updated_at`) VALUES (43, 'id', 'Soluta unde sunt autem facere qui accusantium. Sit quo culpa voluptatem rem voluptates aut voluptas. Numquam eum accusantium autem aliquam ut molestias. Blanditiis eaque dolor voluptates error.', 43, '2004-10-21 01:40:06', '2020-04-30 15:41:22');
INSERT INTO `channels` (`id`, `name`, `description`, `author_id`, `created_at`, `updated_at`) VALUES (44, 'vitae', 'Voluptatibus eligendi rerum aperiam praesentium eligendi nihil maiores quae. Voluptas itaque dolor qui ut alias. Et veritatis non eos est sed id nostrum consequatur.', 44, '2009-08-14 15:36:31', '2015-05-29 23:50:38');
INSERT INTO `channels` (`id`, `name`, `description`, `author_id`, `created_at`, `updated_at`) VALUES (45, 'ea', 'Magni est et et tempora modi inventore. Voluptas natus odio reiciendis est assumenda aut.', 45, '2001-01-25 04:36:30', '2017-08-07 10:36:52');
INSERT INTO `channels` (`id`, `name`, `description`, `author_id`, `created_at`, `updated_at`) VALUES (46, 'molestias', 'Recusandae eaque tempore excepturi non. Odit dolore ut nisi ut maxime occaecati. Dolores dolor placeat praesentium esse autem est animi.', 46, '2006-04-03 03:11:14', '2017-05-12 19:03:41');
INSERT INTO `channels` (`id`, `name`, `description`, `author_id`, `created_at`, `updated_at`) VALUES (47, 'omnis', 'Aliquam praesentium magni quisquam corporis autem. Quaerat ab et voluptas. Ea non id quia facere voluptatem omnis.', 47, '2003-08-16 13:15:43', '2019-04-12 21:13:47');
INSERT INTO `channels` (`id`, `name`, `description`, `author_id`, `created_at`, `updated_at`) VALUES (48, 'excepturi', 'Iusto alias laborum occaecati est voluptas dicta. Dolorum mollitia voluptatibus molestiae. Tempora officiis libero sunt nam consequatur eligendi exercitationem dignissimos.', 48, '2009-01-13 06:40:19', '2014-12-20 08:07:11');
INSERT INTO `channels` (`id`, `name`, `description`, `author_id`, `created_at`, `updated_at`) VALUES (49, 'et', 'Repellendus inventore et possimus ratione. Deserunt qui qui repellendus praesentium eveniet dolores. Voluptatibus amet nihil sint et quis. Corrupti earum repellat voluptatibus deleniti qui et consectetur. Ut nesciunt minus quam quas.', 49, '2002-11-12 02:00:00', '2011-01-26 20:57:59');
INSERT INTO `channels` (`id`, `name`, `description`, `author_id`, `created_at`, `updated_at`) VALUES (50, 'perspiciatis', 'Vel sed quaerat molestiae nisi. Vel modi error fuga perferendis non. Aut rem porro possimus et magnam officiis dignissimos distinctio. Vel qui ullam quia.', 50, '2005-01-06 20:56:31', '2012-03-04 22:49:16');
INSERT INTO `channels` (`id`, `name`, `description`, `author_id`, `created_at`, `updated_at`) VALUES (51, 'ut', 'Dolores corporis a consectetur et. Et nam dolor porro optio cum. Nihil vero in nesciunt aliquid quae eveniet.', 51, '2005-03-13 12:17:18', '2013-11-20 20:47:58');
INSERT INTO `channels` (`id`, `name`, `description`, `author_id`, `created_at`, `updated_at`) VALUES (52, 'quas', 'Fugiat ut ducimus nobis quia accusantium aspernatur. Perspiciatis veniam neque minus qui voluptatem deleniti necessitatibus iste. Voluptas aut dicta enim officiis quidem et numquam.', 52, '2007-07-24 22:32:22', '2015-01-07 13:05:12');
INSERT INTO `channels` (`id`, `name`, `description`, `author_id`, `created_at`, `updated_at`) VALUES (53, 'sapiente', 'Nam omnis ut earum omnis ad. Perferendis aspernatur eum sint saepe.', 53, '2010-07-15 17:48:52', '2011-06-04 23:29:16');
INSERT INTO `channels` (`id`, `name`, `description`, `author_id`, `created_at`, `updated_at`) VALUES (54, 'aut', 'Tempore ab numquam accusantium impedit modi nostrum. Quo officiis pariatur vel facere soluta harum sed. Aut qui qui molestiae magnam qui veniam et. Aperiam et quo qui ratione ad.', 54, '2009-09-11 14:20:45', '2013-09-06 03:25:56');
INSERT INTO `channels` (`id`, `name`, `description`, `author_id`, `created_at`, `updated_at`) VALUES (55, 'et', 'Recusandae dolores labore similique quis molestiae. Voluptas consectetur hic quibusdam quidem eius. Velit aliquam tenetur non veniam tempora voluptates. Natus dignissimos eos est.', 55, '2002-09-09 10:58:52', '2013-06-04 09:12:36');
INSERT INTO `channels` (`id`, `name`, `description`, `author_id`, `created_at`, `updated_at`) VALUES (56, 'ut', 'Et voluptas voluptatem deleniti hic aliquam. Aperiam et inventore repellat est.', 56, '2001-09-03 02:53:39', '2013-01-11 02:17:40');
INSERT INTO `channels` (`id`, `name`, `description`, `author_id`, `created_at`, `updated_at`) VALUES (57, 'quo', 'Non officiis dolorem rem ut aliquid esse rerum. Itaque amet molestiae sit necessitatibus praesentium est voluptates voluptatem.', 57, '2005-03-27 13:24:56', '2019-02-06 21:05:33');
INSERT INTO `channels` (`id`, `name`, `description`, `author_id`, `created_at`, `updated_at`) VALUES (58, 'quia', 'Quam eligendi rerum autem placeat. Aspernatur fugiat provident omnis non eligendi. Hic aut necessitatibus et suscipit a dolor corrupti. Et ut omnis vel architecto quo. Eum fugiat harum dignissimos iure ea.', 58, '2010-04-12 18:57:54', '2018-11-15 12:23:50');
INSERT INTO `channels` (`id`, `name`, `description`, `author_id`, `created_at`, `updated_at`) VALUES (59, 'odio', 'Fugiat et officiis culpa minus veniam magnam vitae. Deserunt unde aut nihil non est molestiae autem doloremque. Et quo dolorem et maxime quidem nesciunt.', 59, '2006-06-06 17:36:47', '2019-02-06 13:08:51');
INSERT INTO `channels` (`id`, `name`, `description`, `author_id`, `created_at`, `updated_at`) VALUES (60, 'ut', 'Quia fuga eligendi autem dolores nesciunt voluptatem blanditiis eaque. Id voluptatem voluptas vel aperiam culpa expedita cumque. Dolorem est necessitatibus velit odit sunt qui. Unde earum maiores placeat ea aliquam dicta dolorem.', 60, '2010-01-02 08:22:40', '2018-10-09 02:51:03');
INSERT INTO `channels` (`id`, `name`, `description`, `author_id`, `created_at`, `updated_at`) VALUES (61, 'quisquam', 'Ea tempora omnis ad dolores. Repellendus sapiente illo qui magni et ipsa dicta. Expedita blanditiis in excepturi consequatur ea autem placeat. Suscipit aut vitae illo sit qui. Placeat molestiae rerum voluptatem illum.', 61, '2000-08-27 01:31:58', '2013-09-09 07:09:51');
INSERT INTO `channels` (`id`, `name`, `description`, `author_id`, `created_at`, `updated_at`) VALUES (62, 'ut', 'Optio ut tempora eos. Dolores nesciunt adipisci et quo velit dolor saepe. Sequi blanditiis consequatur odio ut atque.', 62, '2003-03-19 11:01:58', '2013-03-05 10:17:10');
INSERT INTO `channels` (`id`, `name`, `description`, `author_id`, `created_at`, `updated_at`) VALUES (63, 'iusto', 'Veritatis fuga aut adipisci veniam est. Ut quis nobis dolorem temporibus velit et. Hic autem eveniet eaque qui mollitia mollitia.', 63, '2010-05-05 07:55:49', '2016-11-07 03:08:54');
INSERT INTO `channels` (`id`, `name`, `description`, `author_id`, `created_at`, `updated_at`) VALUES (64, 'ut', 'Aut dignissimos consequatur dolores sed et aspernatur. Dolorem nostrum ut aliquid eligendi non. Nesciunt libero vitae ipsum occaecati vero consequatur. Inventore qui numquam iste dolorem.', 64, '2006-04-29 06:00:54', '2010-08-03 14:35:02');
INSERT INTO `channels` (`id`, `name`, `description`, `author_id`, `created_at`, `updated_at`) VALUES (65, 'quibusdam', 'In accusantium qui quia qui molestias natus possimus ad. Odio distinctio provident sequi dolores et culpa consequuntur. Minus voluptas facilis eos odio. Optio eligendi explicabo quia earum.', 65, '2009-07-13 07:49:06', '2012-07-19 23:07:12');
INSERT INTO `channels` (`id`, `name`, `description`, `author_id`, `created_at`, `updated_at`) VALUES (66, 'neque', 'Mollitia aut qui modi eius optio. Nihil doloribus nihil perferendis ad odit. Sint id numquam ducimus occaecati. Ut pariatur nisi dolorum asperiores porro qui rerum nihil. Accusantium quis nostrum adipisci et blanditiis id.', 66, '2007-09-05 23:31:27', '2015-04-30 14:45:12');
INSERT INTO `channels` (`id`, `name`, `description`, `author_id`, `created_at`, `updated_at`) VALUES (67, 'voluptatem', 'Architecto commodi qui sit voluptatem delectus. Nemo quos officia voluptate quam vero. Qui possimus occaecati quia ut non voluptatem. Ea numquam temporibus nihil.', 67, '2005-02-10 12:47:58', '2016-04-23 03:26:45');
INSERT INTO `channels` (`id`, `name`, `description`, `author_id`, `created_at`, `updated_at`) VALUES (68, 'animi', 'Sunt voluptates architecto et rerum. Laborum doloremque qui quas perspiciatis nihil rem et. Aut vel praesentium iusto a.', 68, '2002-06-10 03:11:02', '2014-10-07 09:14:18');
INSERT INTO `channels` (`id`, `name`, `description`, `author_id`, `created_at`, `updated_at`) VALUES (69, 'voluptate', 'Occaecati numquam velit est aspernatur. Aliquid rem voluptas dolores sed. Quo corrupti id rerum nemo rerum reiciendis dolore.', 69, '2007-07-23 13:03:41', '2011-02-18 05:22:23');
INSERT INTO `channels` (`id`, `name`, `description`, `author_id`, `created_at`, `updated_at`) VALUES (70, 'aut', 'Voluptatem laudantium sunt dignissimos nesciunt iste. Rerum ipsa assumenda molestiae sit numquam labore earum qui. Quod et veritatis dignissimos labore minima sint ut nobis.', 70, '2008-02-19 17:43:43', '2012-03-06 01:22:49');
INSERT INTO `channels` (`id`, `name`, `description`, `author_id`, `created_at`, `updated_at`) VALUES (71, 'quam', 'Tenetur perspiciatis at aut quas voluptatem praesentium ut. Voluptatem minima illo ab dignissimos quia corporis dolor officiis. Voluptatem non autem unde itaque odit qui. Repudiandae quia quis qui quos a eaque.', 71, '2007-06-21 18:15:06', '2015-05-17 00:06:52');
INSERT INTO `channels` (`id`, `name`, `description`, `author_id`, `created_at`, `updated_at`) VALUES (72, 'nobis', 'Quo debitis impedit officiis adipisci. Voluptatem nihil temporibus et sit tempora. Quos est eos consequatur dolorem.', 72, '2005-07-01 18:34:33', '2011-07-07 00:38:08');
INSERT INTO `channels` (`id`, `name`, `description`, `author_id`, `created_at`, `updated_at`) VALUES (73, 'et', 'Sit molestiae et non sapiente placeat quisquam voluptatibus cumque. Ea eveniet quia a dolor natus dolor. Rerum sit quasi laborum vel dolorum.', 73, '2010-06-02 06:30:21', '2013-05-26 06:45:48');
INSERT INTO `channels` (`id`, `name`, `description`, `author_id`, `created_at`, `updated_at`) VALUES (74, 'sit', 'Placeat saepe rerum occaecati et earum et omnis. Ipsa quia voluptas repudiandae. Laborum autem est nemo hic ut veritatis. Omnis ratione neque beatae ipsa.', 74, '2001-12-14 14:56:10', '2017-09-17 04:45:32');
INSERT INTO `channels` (`id`, `name`, `description`, `author_id`, `created_at`, `updated_at`) VALUES (75, 'quibusdam', 'Enim iste eos impedit aut ipsam sed quia. Suscipit consequuntur odit totam.', 75, '2006-01-06 03:06:47', '2012-07-31 22:05:32');
INSERT INTO `channels` (`id`, `name`, `description`, `author_id`, `created_at`, `updated_at`) VALUES (76, 'mollitia', 'Est eos omnis quis ea. Et pariatur suscipit rerum nemo dolor esse dolorem. Magnam non enim cupiditate.', 76, '2010-05-28 13:11:28', '2010-08-20 14:02:50');
INSERT INTO `channels` (`id`, `name`, `description`, `author_id`, `created_at`, `updated_at`) VALUES (77, 'repellendus', 'Ad unde et et debitis inventore debitis est est. Eum facere vel asperiores et consequuntur eligendi. Sed maiores tempora et eos dolorem ut. Beatae odit doloremque quidem ut.', 77, '2001-10-09 20:56:19', '2016-07-08 13:08:53');
INSERT INTO `channels` (`id`, `name`, `description`, `author_id`, `created_at`, `updated_at`) VALUES (78, 'expedita', 'Et libero voluptatibus suscipit corporis consectetur. Qui facere nostrum placeat tempora inventore qui. Ipsum quis perferendis minima perspiciatis iure.', 78, '2000-10-01 01:31:08', '2011-08-24 22:46:55');
INSERT INTO `channels` (`id`, `name`, `description`, `author_id`, `created_at`, `updated_at`) VALUES (79, 'modi', 'Adipisci dolores mollitia commodi natus fugit velit. Sit sed ut ducimus dolor odit delectus. Dolore atque vel porro et aliquam. Ut veritatis dicta expedita temporibus cumque.', 79, '2004-03-01 14:38:09', '2019-03-05 05:38:58');
INSERT INTO `channels` (`id`, `name`, `description`, `author_id`, `created_at`, `updated_at`) VALUES (80, 'sit', 'Fugit quia facilis illum cum in. Aut sit ut facere voluptas unde sunt. Facere aut laborum in sed est nisi voluptate.', 80, '2002-04-19 08:37:05', '2015-04-13 18:51:23');
INSERT INTO `channels` (`id`, `name`, `description`, `author_id`, `created_at`, `updated_at`) VALUES (81, 'ut', 'Enim omnis assumenda mollitia sit consequatur ut. Error minus rerum architecto ipsam. Totam soluta amet repellendus velit. Dolores et quidem voluptatum consequatur atque.', 81, '2005-12-18 19:47:31', '2017-09-25 22:09:34');
INSERT INTO `channels` (`id`, `name`, `description`, `author_id`, `created_at`, `updated_at`) VALUES (82, 'aut', 'Nemo et temporibus cupiditate atque dolorem. Ratione est iure consequatur ab eligendi et. Eveniet corrupti et corporis sed. Consectetur omnis adipisci reiciendis quia.', 82, '2004-08-28 03:51:24', '2020-03-23 13:46:21');
INSERT INTO `channels` (`id`, `name`, `description`, `author_id`, `created_at`, `updated_at`) VALUES (83, 'cumque', 'Reprehenderit omnis totam voluptas sit. Dolores quod deleniti harum voluptas non. Illum ratione amet inventore voluptas dolorum magnam sit. Id fugiat omnis voluptas voluptatem.', 83, '2001-09-02 15:58:22', '2015-12-20 05:40:47');
INSERT INTO `channels` (`id`, `name`, `description`, `author_id`, `created_at`, `updated_at`) VALUES (84, 'et', 'Odio maiores dolor architecto officiis harum veritatis tempore. Aliquid voluptatem rerum maxime quidem maiores dignissimos. Qui similique aspernatur sit necessitatibus cum et sed.', 84, '2008-04-13 10:18:39', '2018-06-14 00:22:53');
INSERT INTO `channels` (`id`, `name`, `description`, `author_id`, `created_at`, `updated_at`) VALUES (85, 'error', 'Ut perspiciatis nesciunt placeat voluptatem. Repellendus voluptatem ipsum rerum autem sit dicta. Totam cum sint nobis ut.', 85, '2001-08-26 09:28:38', '2018-04-12 00:11:09');
INSERT INTO `channels` (`id`, `name`, `description`, `author_id`, `created_at`, `updated_at`) VALUES (86, 'ullam', 'Earum nulla quam cum aliquid consectetur. Quas provident dolorem consequuntur minima placeat. Veniam odit consequatur distinctio qui eveniet in. Sequi perspiciatis et eos officia.', 86, '2009-03-15 09:34:33', '2018-06-14 03:11:14');
INSERT INTO `channels` (`id`, `name`, `description`, `author_id`, `created_at`, `updated_at`) VALUES (87, 'perspiciatis', 'Nihil qui aliquid quia occaecati. Dolorem sunt quos ratione quibusdam. Quia in nostrum inventore fugit reiciendis et magnam. Nulla quisquam alias officiis est.', 87, '2007-10-06 00:56:59', '2013-01-26 08:19:15');
INSERT INTO `channels` (`id`, `name`, `description`, `author_id`, `created_at`, `updated_at`) VALUES (88, 'eum', 'Amet cumque animi molestias nihil quos consequuntur odio. Dolore optio doloremque quas animi. Optio libero vitae aut perspiciatis ea consequatur.', 88, '2001-05-08 02:04:10', '2016-11-12 15:15:58');
INSERT INTO `channels` (`id`, `name`, `description`, `author_id`, `created_at`, `updated_at`) VALUES (89, 'architecto', 'Sunt debitis velit quibusdam et rerum aliquam. Amet totam et ut voluptates voluptas. Ipsam repellendus eligendi expedita necessitatibus.', 89, '2000-09-12 06:46:59', '2017-10-01 21:47:02');
INSERT INTO `channels` (`id`, `name`, `description`, `author_id`, `created_at`, `updated_at`) VALUES (90, 'et', 'Alias velit eligendi beatae. Ullam quia quia et pariatur commodi totam. Nihil qui culpa quia nihil est aperiam porro molestiae. Molestiae voluptatibus harum et et.', 90, '2007-02-02 03:11:11', '2010-09-11 09:03:31');
INSERT INTO `channels` (`id`, `name`, `description`, `author_id`, `created_at`, `updated_at`) VALUES (91, 'vel', 'Deleniti nostrum consequatur doloribus. Fugiat veniam voluptatem aut tenetur rerum est facere. Consectetur sed cum sit non maxime.', 91, '2006-09-08 07:30:28', '2015-12-13 11:52:50');
INSERT INTO `channels` (`id`, `name`, `description`, `author_id`, `created_at`, `updated_at`) VALUES (92, 'incidunt', 'Dolor et quia voluptas consectetur. Consequuntur magnam soluta voluptate repudiandae rem voluptates aliquam doloribus. Itaque et quam amet et. Iste omnis id quae odit doloribus provident sed maxime. Suscipit quas incidunt dolor porro natus et neque vero.', 92, '2006-08-21 07:17:13', '2020-06-07 12:42:11');
INSERT INTO `channels` (`id`, `name`, `description`, `author_id`, `created_at`, `updated_at`) VALUES (93, 'aut', 'Labore alias quam rerum eius. Tempora quod amet autem quidem. Voluptate mollitia nostrum eligendi veniam voluptas. Fugit atque ea perferendis reiciendis expedita doloremque.', 93, '2007-12-01 02:11:42', '2018-10-23 05:56:00');
INSERT INTO `channels` (`id`, `name`, `description`, `author_id`, `created_at`, `updated_at`) VALUES (94, 'qui', 'Sequi nihil necessitatibus velit perferendis explicabo autem. Et fuga accusantium eum aliquid facere. Aut enim fugit aut ut. Et eum nulla quos beatae quia id. Delectus itaque magni et non.', 94, '2006-03-26 01:13:24', '2013-06-17 03:55:44');
INSERT INTO `channels` (`id`, `name`, `description`, `author_id`, `created_at`, `updated_at`) VALUES (95, 'libero', 'Ut hic alias nesciunt placeat quasi. Quibusdam voluptatem dolorum suscipit veniam quis molestiae sit.', 95, '2001-08-20 18:21:09', '2019-03-12 16:10:37');
INSERT INTO `channels` (`id`, `name`, `description`, `author_id`, `created_at`, `updated_at`) VALUES (96, 'qui', 'Hic aliquam a totam dolor et. Alias maxime aut sint cupiditate est facilis qui enim.', 96, '2003-08-25 01:50:19', '2015-11-21 09:40:34');
INSERT INTO `channels` (`id`, `name`, `description`, `author_id`, `created_at`, `updated_at`) VALUES (97, 'repellat', 'Optio cum sed aspernatur. Repellat eveniet et in cum porro nemo adipisci. Debitis quo aut neque facilis. Modi ipsa ipsam assumenda quis magni harum.', 97, '2007-05-11 10:02:49', '2020-04-22 01:25:06');
INSERT INTO `channels` (`id`, `name`, `description`, `author_id`, `created_at`, `updated_at`) VALUES (98, 'molestiae', 'Voluptatibus non rerum autem et ab et facere. Voluptatem placeat dolor consequatur et qui adipisci. Hic minus porro consequatur et debitis.', 98, '2001-06-10 03:08:24', '2016-05-13 12:12:06');
INSERT INTO `channels` (`id`, `name`, `description`, `author_id`, `created_at`, `updated_at`) VALUES (99, 'eos', 'Ducimus consequatur sequi iure fugiat facilis dignissimos provident. Et suscipit animi aut quos rerum quidem tenetur. Distinctio exercitationem deleniti architecto error.', 99, '2003-04-14 05:51:46', '2011-09-21 01:57:44');
INSERT INTO `channels` (`id`, `name`, `description`, `author_id`, `created_at`, `updated_at`) VALUES (100, 'aliquam', 'Neque iusto praesentium tempore. Error in ipsam voluptas.', 100, '2008-09-27 11:25:26', '2018-06-26 10:52:45');



INSERT INTO `users_channels` (`id`, `user_id`, `channel_id`, `created_at`, `updated_at`, `type`) VALUES (1, 1, 1, '2004-09-08 21:33:10', '2016-04-13 08:05:51', 'Администратор');
INSERT INTO `users_channels` (`id`, `user_id`, `channel_id`, `created_at`, `updated_at`, `type`) VALUES (2, 2, 2, '2002-01-16 17:52:25', '2014-01-03 03:40:03', 'Администратор');
INSERT INTO `users_channels` (`id`, `user_id`, `channel_id`, `created_at`, `updated_at`, `type`) VALUES (3, 3, 3, '2002-05-07 16:36:12', '2018-01-15 21:11:22', 'Подписчик');
INSERT INTO `users_channels` (`id`, `user_id`, `channel_id`, `created_at`, `updated_at`, `type`) VALUES (4, 4, 4, '2001-11-03 20:21:08', '2014-11-14 16:50:31', 'Модератор');
INSERT INTO `users_channels` (`id`, `user_id`, `channel_id`, `created_at`, `updated_at`, `type`) VALUES (5, 5, 5, '2007-11-13 09:15:37', '2016-12-28 16:36:20', 'Подписчик');
INSERT INTO `users_channels` (`id`, `user_id`, `channel_id`, `created_at`, `updated_at`, `type`) VALUES (6, 6, 6, '2009-05-19 12:10:41', '2012-12-03 19:55:17', 'Администратор');
INSERT INTO `users_channels` (`id`, `user_id`, `channel_id`, `created_at`, `updated_at`, `type`) VALUES (7, 7, 7, '2004-07-28 11:40:27', '2018-08-31 02:47:45', 'Подписчик');
INSERT INTO `users_channels` (`id`, `user_id`, `channel_id`, `created_at`, `updated_at`, `type`) VALUES (8, 8, 8, '2005-05-03 07:40:37', '2013-10-04 15:37:34', 'Подписчик');
INSERT INTO `users_channels` (`id`, `user_id`, `channel_id`, `created_at`, `updated_at`, `type`) VALUES (9, 9, 9, '2002-11-21 15:20:06', '2017-09-08 18:58:14', 'Подписчик');
INSERT INTO `users_channels` (`id`, `user_id`, `channel_id`, `created_at`, `updated_at`, `type`) VALUES (10, 10, 10, '2001-09-07 19:12:36', '2013-02-26 02:12:27', 'Подписчик');
INSERT INTO `users_channels` (`id`, `user_id`, `channel_id`, `created_at`, `updated_at`, `type`) VALUES (11, 11, 11, '2009-01-29 16:55:46', '2018-12-12 23:45:40', 'Администратор');
INSERT INTO `users_channels` (`id`, `user_id`, `channel_id`, `created_at`, `updated_at`, `type`) VALUES (12, 12, 12, '2005-11-05 05:04:10', '2017-07-29 10:51:17', 'Подписчик');
INSERT INTO `users_channels` (`id`, `user_id`, `channel_id`, `created_at`, `updated_at`, `type`) VALUES (13, 13, 13, '2004-10-16 01:07:05', '2017-02-18 08:36:02', 'Подписчик');
INSERT INTO `users_channels` (`id`, `user_id`, `channel_id`, `created_at`, `updated_at`, `type`) VALUES (14, 14, 14, '2001-05-01 05:09:35', '2015-08-06 13:19:18', 'Модератор');
INSERT INTO `users_channels` (`id`, `user_id`, `channel_id`, `created_at`, `updated_at`, `type`) VALUES (15, 15, 15, '2001-11-27 08:12:14', '2014-08-07 21:42:05', 'Администратор');
INSERT INTO `users_channels` (`id`, `user_id`, `channel_id`, `created_at`, `updated_at`, `type`) VALUES (16, 16, 16, '2008-01-07 20:41:05', '2012-01-09 06:10:53', 'Подписчик');
INSERT INTO `users_channels` (`id`, `user_id`, `channel_id`, `created_at`, `updated_at`, `type`) VALUES (17, 17, 17, '2009-08-06 15:59:22', '2020-02-11 17:08:42', 'Администратор');
INSERT INTO `users_channels` (`id`, `user_id`, `channel_id`, `created_at`, `updated_at`, `type`) VALUES (18, 18, 18, '2006-10-13 14:33:50', '2016-02-29 11:20:14', 'Модератор');
INSERT INTO `users_channels` (`id`, `user_id`, `channel_id`, `created_at`, `updated_at`, `type`) VALUES (19, 19, 19, '2001-03-01 23:09:40', '2015-04-01 09:27:26', 'Модератор');
INSERT INTO `users_channels` (`id`, `user_id`, `channel_id`, `created_at`, `updated_at`, `type`) VALUES (20, 20, 20, '2003-06-07 01:04:53', '2019-04-21 13:39:01', 'Подписчик');
INSERT INTO `users_channels` (`id`, `user_id`, `channel_id`, `created_at`, `updated_at`, `type`) VALUES (21, 21, 21, '2001-08-01 20:59:43', '2017-05-07 18:16:55', 'Администратор');
INSERT INTO `users_channels` (`id`, `user_id`, `channel_id`, `created_at`, `updated_at`, `type`) VALUES (22, 22, 22, '2005-10-07 12:21:33', '2015-11-23 01:32:43', 'Подписчик');
INSERT INTO `users_channels` (`id`, `user_id`, `channel_id`, `created_at`, `updated_at`, `type`) VALUES (23, 23, 23, '2005-10-02 01:50:52', '2010-11-12 02:40:00', 'Модератор');
INSERT INTO `users_channels` (`id`, `user_id`, `channel_id`, `created_at`, `updated_at`, `type`) VALUES (24, 24, 24, '2003-10-10 16:16:57', '2015-10-15 06:22:29', 'Подписчик');
INSERT INTO `users_channels` (`id`, `user_id`, `channel_id`, `created_at`, `updated_at`, `type`) VALUES (25, 25, 25, '2006-04-23 09:38:48', '2016-05-26 05:46:08', 'Администратор');
INSERT INTO `users_channels` (`id`, `user_id`, `channel_id`, `created_at`, `updated_at`, `type`) VALUES (26, 26, 26, '2003-05-26 04:44:11', '2016-09-02 13:12:11', 'Подписчик');
INSERT INTO `users_channels` (`id`, `user_id`, `channel_id`, `created_at`, `updated_at`, `type`) VALUES (27, 27, 27, '2007-07-15 15:21:41', '2013-12-29 07:01:13', 'Подписчик');
INSERT INTO `users_channels` (`id`, `user_id`, `channel_id`, `created_at`, `updated_at`, `type`) VALUES (28, 28, 28, '2006-06-16 07:30:53', '2020-06-29 08:34:50', 'Администратор');
INSERT INTO `users_channels` (`id`, `user_id`, `channel_id`, `created_at`, `updated_at`, `type`) VALUES (29, 29, 29, '2005-06-27 12:06:17', '2010-11-05 20:28:01', 'Модератор');
INSERT INTO `users_channels` (`id`, `user_id`, `channel_id`, `created_at`, `updated_at`, `type`) VALUES (30, 30, 30, '2000-08-23 22:14:49', '2017-12-16 18:20:20', 'Администратор');
INSERT INTO `users_channels` (`id`, `user_id`, `channel_id`, `created_at`, `updated_at`, `type`) VALUES (31, 31, 31, '2008-05-27 05:42:43', '2013-05-10 17:11:18', 'Администратор');
INSERT INTO `users_channels` (`id`, `user_id`, `channel_id`, `created_at`, `updated_at`, `type`) VALUES (32, 32, 32, '2006-09-12 12:27:38', '2019-11-20 11:43:02', 'Модератор');
INSERT INTO `users_channels` (`id`, `user_id`, `channel_id`, `created_at`, `updated_at`, `type`) VALUES (33, 33, 33, '2001-04-13 23:59:46', '2012-04-30 22:20:48', 'Подписчик');
INSERT INTO `users_channels` (`id`, `user_id`, `channel_id`, `created_at`, `updated_at`, `type`) VALUES (34, 34, 34, '2009-03-14 22:10:25', '2012-09-18 13:16:32', 'Администратор');
INSERT INTO `users_channels` (`id`, `user_id`, `channel_id`, `created_at`, `updated_at`, `type`) VALUES (35, 35, 35, '2007-12-16 22:25:23', '2016-11-27 03:00:59', 'Подписчик');
INSERT INTO `users_channels` (`id`, `user_id`, `channel_id`, `created_at`, `updated_at`, `type`) VALUES (36, 36, 36, '2008-09-02 14:55:27', '2019-02-04 02:14:23', 'Администратор');
INSERT INTO `users_channels` (`id`, `user_id`, `channel_id`, `created_at`, `updated_at`, `type`) VALUES (37, 37, 37, '2006-09-19 07:42:10', '2014-08-12 23:34:10', 'Модератор');
INSERT INTO `users_channels` (`id`, `user_id`, `channel_id`, `created_at`, `updated_at`, `type`) VALUES (38, 38, 38, '2001-03-28 06:44:46', '2012-05-18 18:20:20', 'Подписчик');
INSERT INTO `users_channels` (`id`, `user_id`, `channel_id`, `created_at`, `updated_at`, `type`) VALUES (39, 39, 39, '2010-07-30 17:23:48', '2014-07-29 08:09:56', 'Подписчик');
INSERT INTO `users_channels` (`id`, `user_id`, `channel_id`, `created_at`, `updated_at`, `type`) VALUES (40, 40, 40, '2006-08-09 01:58:08', '2017-05-09 01:12:23', 'Подписчик');
INSERT INTO `users_channels` (`id`, `user_id`, `channel_id`, `created_at`, `updated_at`, `type`) VALUES (41, 41, 41, '2007-03-06 08:28:23', '2018-02-18 22:22:29', 'Подписчик');
INSERT INTO `users_channels` (`id`, `user_id`, `channel_id`, `created_at`, `updated_at`, `type`) VALUES (42, 42, 42, '2001-02-05 23:12:22', '2018-06-03 08:13:55', 'Администратор');
INSERT INTO `users_channels` (`id`, `user_id`, `channel_id`, `created_at`, `updated_at`, `type`) VALUES (43, 43, 43, '2001-01-11 23:17:00', '2017-04-06 10:09:17', 'Модератор');
INSERT INTO `users_channels` (`id`, `user_id`, `channel_id`, `created_at`, `updated_at`, `type`) VALUES (44, 44, 44, '2006-01-27 13:49:27', '2014-03-03 05:24:12', 'Администратор');
INSERT INTO `users_channels` (`id`, `user_id`, `channel_id`, `created_at`, `updated_at`, `type`) VALUES (45, 45, 45, '2003-10-03 21:47:00', '2011-03-25 01:53:13', 'Модератор');
INSERT INTO `users_channels` (`id`, `user_id`, `channel_id`, `created_at`, `updated_at`, `type`) VALUES (46, 46, 46, '2003-03-03 03:18:39', '2015-07-30 16:06:59', 'Подписчик');
INSERT INTO `users_channels` (`id`, `user_id`, `channel_id`, `created_at`, `updated_at`, `type`) VALUES (47, 47, 47, '2008-12-06 03:10:11', '2014-12-31 15:01:34', 'Модератор');
INSERT INTO `users_channels` (`id`, `user_id`, `channel_id`, `created_at`, `updated_at`, `type`) VALUES (48, 48, 48, '2008-12-02 03:05:36', '2018-09-18 03:36:23', 'Модератор');
INSERT INTO `users_channels` (`id`, `user_id`, `channel_id`, `created_at`, `updated_at`, `type`) VALUES (49, 49, 49, '2010-03-16 10:37:46', '2013-11-11 03:38:31', 'Модератор');
INSERT INTO `users_channels` (`id`, `user_id`, `channel_id`, `created_at`, `updated_at`, `type`) VALUES (50, 50, 50, '2003-09-08 19:25:15', '2012-12-04 14:01:41', 'Модератор');
INSERT INTO `users_channels` (`id`, `user_id`, `channel_id`, `created_at`, `updated_at`, `type`) VALUES (51, 51, 51, '2001-03-04 21:12:24', '2015-08-19 21:52:10', 'Администратор');
INSERT INTO `users_channels` (`id`, `user_id`, `channel_id`, `created_at`, `updated_at`, `type`) VALUES (52, 52, 52, '2006-07-27 19:02:39', '2012-11-10 06:29:04', 'Модератор');
INSERT INTO `users_channels` (`id`, `user_id`, `channel_id`, `created_at`, `updated_at`, `type`) VALUES (53, 53, 53, '2009-01-15 04:45:43', '2016-11-08 14:09:28', 'Модератор');
INSERT INTO `users_channels` (`id`, `user_id`, `channel_id`, `created_at`, `updated_at`, `type`) VALUES (54, 54, 54, '2004-01-03 15:51:15', '2010-10-28 20:52:02', 'Администратор');
INSERT INTO `users_channels` (`id`, `user_id`, `channel_id`, `created_at`, `updated_at`, `type`) VALUES (55, 55, 55, '2006-02-16 23:06:06', '2014-08-10 03:16:37', 'Администратор');
INSERT INTO `users_channels` (`id`, `user_id`, `channel_id`, `created_at`, `updated_at`, `type`) VALUES (56, 56, 56, '2002-11-30 14:57:48', '2018-07-02 21:16:04', 'Модератор');
INSERT INTO `users_channels` (`id`, `user_id`, `channel_id`, `created_at`, `updated_at`, `type`) VALUES (57, 57, 57, '2001-09-30 21:34:02', '2014-01-02 02:01:35', 'Подписчик');
INSERT INTO `users_channels` (`id`, `user_id`, `channel_id`, `created_at`, `updated_at`, `type`) VALUES (58, 58, 58, '2005-04-09 00:34:25', '2011-12-04 14:37:54', 'Администратор');
INSERT INTO `users_channels` (`id`, `user_id`, `channel_id`, `created_at`, `updated_at`, `type`) VALUES (59, 59, 59, '2002-01-12 00:55:47', '2013-09-15 21:34:18', 'Модератор');
INSERT INTO `users_channels` (`id`, `user_id`, `channel_id`, `created_at`, `updated_at`, `type`) VALUES (60, 60, 60, '2002-08-01 21:31:33', '2016-07-22 14:48:51', 'Модератор');
INSERT INTO `users_channels` (`id`, `user_id`, `channel_id`, `created_at`, `updated_at`, `type`) VALUES (61, 61, 61, '2002-01-21 11:16:48', '2011-04-15 13:05:41', 'Модератор');
INSERT INTO `users_channels` (`id`, `user_id`, `channel_id`, `created_at`, `updated_at`, `type`) VALUES (62, 62, 62, '2006-02-27 10:26:54', '2013-05-06 01:28:14', 'Модератор');
INSERT INTO `users_channels` (`id`, `user_id`, `channel_id`, `created_at`, `updated_at`, `type`) VALUES (63, 63, 63, '2009-12-01 16:27:43', '2011-01-01 12:48:23', 'Модератор');
INSERT INTO `users_channels` (`id`, `user_id`, `channel_id`, `created_at`, `updated_at`, `type`) VALUES (64, 64, 64, '2008-10-31 10:28:12', '2013-01-05 21:25:59', 'Администратор');
INSERT INTO `users_channels` (`id`, `user_id`, `channel_id`, `created_at`, `updated_at`, `type`) VALUES (65, 65, 65, '2008-11-21 07:01:02', '2012-12-13 18:34:08', 'Модератор');
INSERT INTO `users_channels` (`id`, `user_id`, `channel_id`, `created_at`, `updated_at`, `type`) VALUES (66, 66, 66, '2005-02-12 19:39:04', '2012-01-15 03:08:47', 'Подписчик');
INSERT INTO `users_channels` (`id`, `user_id`, `channel_id`, `created_at`, `updated_at`, `type`) VALUES (67, 67, 67, '2000-08-25 04:36:39', '2016-12-26 11:10:43', 'Администратор');
INSERT INTO `users_channels` (`id`, `user_id`, `channel_id`, `created_at`, `updated_at`, `type`) VALUES (68, 68, 68, '2004-03-12 14:35:27', '2016-06-12 06:28:46', 'Подписчик');
INSERT INTO `users_channels` (`id`, `user_id`, `channel_id`, `created_at`, `updated_at`, `type`) VALUES (69, 69, 69, '2008-01-11 03:43:46', '2011-11-01 00:39:34', 'Модератор');
INSERT INTO `users_channels` (`id`, `user_id`, `channel_id`, `created_at`, `updated_at`, `type`) VALUES (70, 70, 70, '2001-12-06 03:33:07', '2015-08-08 04:27:31', 'Подписчик');
INSERT INTO `users_channels` (`id`, `user_id`, `channel_id`, `created_at`, `updated_at`, `type`) VALUES (71, 71, 71, '2003-08-25 18:29:02', '2010-08-05 09:22:54', 'Модератор');
INSERT INTO `users_channels` (`id`, `user_id`, `channel_id`, `created_at`, `updated_at`, `type`) VALUES (72, 72, 72, '2005-03-15 23:05:37', '2016-06-30 17:30:14', 'Подписчик');
INSERT INTO `users_channels` (`id`, `user_id`, `channel_id`, `created_at`, `updated_at`, `type`) VALUES (73, 73, 73, '2007-10-07 00:05:49', '2020-02-09 11:26:12', 'Модератор');
INSERT INTO `users_channels` (`id`, `user_id`, `channel_id`, `created_at`, `updated_at`, `type`) VALUES (74, 74, 74, '2010-04-28 10:21:22', '2014-06-12 06:22:05', 'Администратор');
INSERT INTO `users_channels` (`id`, `user_id`, `channel_id`, `created_at`, `updated_at`, `type`) VALUES (75, 75, 75, '2004-02-24 11:18:04', '2020-01-15 21:05:27', 'Модератор');
INSERT INTO `users_channels` (`id`, `user_id`, `channel_id`, `created_at`, `updated_at`, `type`) VALUES (76, 76, 76, '2008-02-28 04:06:43', '2017-09-16 21:44:03', 'Модератор');
INSERT INTO `users_channels` (`id`, `user_id`, `channel_id`, `created_at`, `updated_at`, `type`) VALUES (77, 77, 77, '2008-04-19 15:09:06', '2019-08-29 06:06:12', 'Подписчик');
INSERT INTO `users_channels` (`id`, `user_id`, `channel_id`, `created_at`, `updated_at`, `type`) VALUES (78, 78, 78, '2000-11-27 11:43:18', '2018-12-03 06:19:08', 'Модератор');
INSERT INTO `users_channels` (`id`, `user_id`, `channel_id`, `created_at`, `updated_at`, `type`) VALUES (79, 79, 79, '2005-01-05 04:47:41', '2016-04-25 09:00:56', 'Подписчик');
INSERT INTO `users_channels` (`id`, `user_id`, `channel_id`, `created_at`, `updated_at`, `type`) VALUES (80, 80, 80, '2005-03-07 22:24:25', '2019-10-15 02:44:44', 'Администратор');
INSERT INTO `users_channels` (`id`, `user_id`, `channel_id`, `created_at`, `updated_at`, `type`) VALUES (81, 81, 81, '2007-11-17 06:42:09', '2015-08-12 14:31:59', 'Администратор');
INSERT INTO `users_channels` (`id`, `user_id`, `channel_id`, `created_at`, `updated_at`, `type`) VALUES (82, 82, 82, '2002-02-22 16:33:35', '2019-01-03 20:24:02', 'Администратор');
INSERT INTO `users_channels` (`id`, `user_id`, `channel_id`, `created_at`, `updated_at`, `type`) VALUES (83, 83, 83, '2001-05-27 17:54:20', '2019-12-13 12:08:43', 'Модератор');
INSERT INTO `users_channels` (`id`, `user_id`, `channel_id`, `created_at`, `updated_at`, `type`) VALUES (84, 84, 84, '2006-07-02 05:58:01', '2015-03-04 04:14:58', 'Администратор');
INSERT INTO `users_channels` (`id`, `user_id`, `channel_id`, `created_at`, `updated_at`, `type`) VALUES (85, 85, 85, '2004-11-19 12:58:24', '2014-07-22 17:11:10', 'Модератор');
INSERT INTO `users_channels` (`id`, `user_id`, `channel_id`, `created_at`, `updated_at`, `type`) VALUES (86, 86, 86, '2000-11-03 14:16:36', '2017-10-08 22:41:47', 'Администратор');
INSERT INTO `users_channels` (`id`, `user_id`, `channel_id`, `created_at`, `updated_at`, `type`) VALUES (87, 87, 87, '2004-11-06 04:20:53', '2016-05-15 16:34:34', 'Модератор');
INSERT INTO `users_channels` (`id`, `user_id`, `channel_id`, `created_at`, `updated_at`, `type`) VALUES (88, 88, 88, '2003-10-20 10:54:55', '2016-04-03 12:22:55', 'Модератор');
INSERT INTO `users_channels` (`id`, `user_id`, `channel_id`, `created_at`, `updated_at`, `type`) VALUES (89, 89, 89, '2008-10-18 08:17:58', '2017-05-30 02:32:32', 'Администратор');
INSERT INTO `users_channels` (`id`, `user_id`, `channel_id`, `created_at`, `updated_at`, `type`) VALUES (90, 90, 90, '2007-02-04 22:35:55', '2020-07-15 22:04:24', 'Подписчик');
INSERT INTO `users_channels` (`id`, `user_id`, `channel_id`, `created_at`, `updated_at`, `type`) VALUES (91, 91, 91, '2002-02-27 17:30:02', '2018-09-06 11:51:45', 'Модератор');
INSERT INTO `users_channels` (`id`, `user_id`, `channel_id`, `created_at`, `updated_at`, `type`) VALUES (92, 92, 92, '2001-02-12 16:40:45', '2020-04-05 05:44:26', 'Подписчик');
INSERT INTO `users_channels` (`id`, `user_id`, `channel_id`, `created_at`, `updated_at`, `type`) VALUES (93, 93, 93, '2008-10-16 19:14:02', '2010-10-25 19:57:57', 'Администратор');
INSERT INTO `users_channels` (`id`, `user_id`, `channel_id`, `created_at`, `updated_at`, `type`) VALUES (94, 94, 94, '2002-04-22 20:16:36', '2011-08-21 16:54:27', 'Администратор');
INSERT INTO `users_channels` (`id`, `user_id`, `channel_id`, `created_at`, `updated_at`, `type`) VALUES (95, 95, 95, '2005-08-02 04:29:51', '2020-04-29 20:05:41', 'Модератор');
INSERT INTO `users_channels` (`id`, `user_id`, `channel_id`, `created_at`, `updated_at`, `type`) VALUES (96, 96, 96, '2008-12-30 09:58:31', '2015-06-21 01:55:52', 'Администратор');
INSERT INTO `users_channels` (`id`, `user_id`, `channel_id`, `created_at`, `updated_at`, `type`) VALUES (97, 97, 97, '2010-03-01 17:39:46', '2019-03-04 17:03:37', 'Администратор');
INSERT INTO `users_channels` (`id`, `user_id`, `channel_id`, `created_at`, `updated_at`, `type`) VALUES (98, 98, 98, '2004-01-25 00:40:49', '2018-11-08 08:56:37', 'Подписчик');
INSERT INTO `users_channels` (`id`, `user_id`, `channel_id`, `created_at`, `updated_at`, `type`) VALUES (99, 99, 99, '2005-07-30 16:54:11', '2011-01-12 09:44:32', 'Подписчик');
INSERT INTO `users_channels` (`id`, `user_id`, `channel_id`, `created_at`, `updated_at`, `type`) VALUES (100, 100, 100, '2005-10-25 04:10:28', '2020-02-09 11:20:00', 'Модератор');


INSERT INTO `users_log` (`id`, `event_type`, `message`, `user_id`, `created_at`, `updated_at`) VALUES (1, 'Выход', 'Vero porro voluptas nostrum dolor qui voluptatibus sunt modi. Omnis consequatur aut dicta quos. Praesentium consequuntur nisi quia provident.', 1, '2006-03-10 18:57:28', '2018-11-05 16:40:18');
INSERT INTO `users_log` (`id`, `event_type`, `message`, `user_id`, `created_at`, `updated_at`) VALUES (2, 'Вход', 'Eaque quisquam incidunt cumque delectus. Magnam et unde ut voluptates numquam itaque nulla. Atque facilis et rerum provident voluptas facilis aut. Ipsam molestias cum dolorum velit distinctio iure.', 2, '2005-05-15 16:08:10', '2019-11-19 11:35:43');
INSERT INTO `users_log` (`id`, `event_type`, `message`, `user_id`, `created_at`, `updated_at`) VALUES (3, 'Восстановление пароля', 'Error est voluptate consectetur commodi dolorem. Ea sit in architecto. Omnis architecto architecto placeat illo nemo. Amet sit quod aliquid.', 3, '2007-04-12 19:31:25', '2016-05-03 07:57:55');
INSERT INTO `users_log` (`id`, `event_type`, `message`, `user_id`, `created_at`, `updated_at`) VALUES (4, 'Восстановление пароля', 'Tenetur ut nihil tempore. Minima et quisquam numquam tempore dolor iure. Non reiciendis et quam maiores voluptatum enim fuga.', 4, '2006-02-06 18:58:28', '2012-12-22 10:48:54');
INSERT INTO `users_log` (`id`, `event_type`, `message`, `user_id`, `created_at`, `updated_at`) VALUES (5, 'Вход', 'Fugit pariatur neque quia impedit. Qui sint nulla error veritatis aut illum vero. Distinctio voluptates reiciendis molestiae reprehenderit exercitationem.', 5, '2001-12-18 04:16:16', '2010-08-13 00:01:25');
INSERT INTO `users_log` (`id`, `event_type`, `message`, `user_id`, `created_at`, `updated_at`) VALUES (6, 'Восстановление пароля', 'Ut a nulla temporibus reiciendis ipsam in. Aut rem laudantium molestiae qui. Doloribus ut delectus dicta quia doloremque consequuntur quia. Voluptates error modi voluptate occaecati mollitia non quod architecto.', 6, '2007-01-01 21:32:19', '2018-12-21 10:35:44');
INSERT INTO `users_log` (`id`, `event_type`, `message`, `user_id`, `created_at`, `updated_at`) VALUES (7, 'Выход', 'Odio deserunt voluptatum provident. Accusamus iure nisi recusandae est eius.', 7, '2007-12-22 17:13:14', '2012-01-27 16:22:03');
INSERT INTO `users_log` (`id`, `event_type`, `message`, `user_id`, `created_at`, `updated_at`) VALUES (8, 'Вход', 'Repudiandae officia nulla minima qui expedita aut minima illo. Omnis et aut eveniet qui in et. Magni maxime tempora labore laboriosam hic voluptatem.', 8, '2010-07-19 17:54:43', '2015-04-04 13:19:47');
INSERT INTO `users_log` (`id`, `event_type`, `message`, `user_id`, `created_at`, `updated_at`) VALUES (9, 'Восстановление пароля', 'Animi aut provident fugit harum cupiditate porro. Quasi reiciendis adipisci veniam assumenda. Voluptatem aspernatur sit fugit eos.', 9, '2002-10-31 04:08:44', '2014-01-09 22:02:06');
INSERT INTO `users_log` (`id`, `event_type`, `message`, `user_id`, `created_at`, `updated_at`) VALUES (10, 'Вход', 'Ipsam eum voluptatem eum velit eius incidunt minima. Ipsam ut ut quae ut dolorem. Qui saepe optio fugiat atque asperiores.', 10, '2001-10-17 09:17:52', '2020-07-03 16:01:16');
INSERT INTO `users_log` (`id`, `event_type`, `message`, `user_id`, `created_at`, `updated_at`) VALUES (11, 'Регистрация', 'Aspernatur quam dolorem quibusdam et ipsam. Sed voluptatem libero earum provident eum optio. Unde sunt minima cumque aperiam aperiam consequatur. Animi labore ipsum perferendis nemo qui.', 11, '2000-08-10 19:22:52', '2012-04-14 10:07:58');
INSERT INTO `users_log` (`id`, `event_type`, `message`, `user_id`, `created_at`, `updated_at`) VALUES (12, 'Вход', 'Et quo mollitia et voluptate. Omnis molestiae sint delectus laudantium soluta velit quasi rerum. Dolore qui magni recusandae veniam non ullam suscipit. Placeat harum ut iste dolores et id libero. Enim non qui vel non facilis doloremque.', 12, '2001-03-11 15:30:55', '2019-01-30 11:40:08');
INSERT INTO `users_log` (`id`, `event_type`, `message`, `user_id`, `created_at`, `updated_at`) VALUES (13, 'Регистрация', 'Quis at est explicabo est at. Aut voluptas sit voluptas sunt dicta.', 13, '2007-03-15 01:30:37', '2018-11-04 23:58:50');
INSERT INTO `users_log` (`id`, `event_type`, `message`, `user_id`, `created_at`, `updated_at`) VALUES (14, 'Вход', 'Fuga quidem est dolores pariatur. Culpa ea velit facere reiciendis soluta nulla dolor. Molestiae quis suscipit quia eum omnis. Ut optio sint laborum placeat omnis quam minus.', 14, '2009-10-06 07:11:07', '2019-07-04 05:46:25');
INSERT INTO `users_log` (`id`, `event_type`, `message`, `user_id`, `created_at`, `updated_at`) VALUES (15, 'Выход', 'Neque qui sit eum consectetur fuga voluptatem deserunt. Dolorem veniam dolor ut.', 15, '2006-09-24 03:29:10', '2016-08-19 16:07:16');
INSERT INTO `users_log` (`id`, `event_type`, `message`, `user_id`, `created_at`, `updated_at`) VALUES (16, 'Восстановление пароля', 'Error debitis reprehenderit consequatur nemo modi. Explicabo sed nemo et dolor. Incidunt qui dolore unde maiores odit. Laborum repellat earum dolores nihil.', 16, '2007-07-03 08:22:01', '2013-11-18 09:18:34');
INSERT INTO `users_log` (`id`, `event_type`, `message`, `user_id`, `created_at`, `updated_at`) VALUES (17, 'Регистрация', 'Dicta repellat omnis consequatur necessitatibus unde. Vero rerum aut ut et. Consequatur sapiente aut officia ut in.', 17, '2007-10-25 13:33:45', '2014-01-28 10:39:23');
INSERT INTO `users_log` (`id`, `event_type`, `message`, `user_id`, `created_at`, `updated_at`) VALUES (18, 'Выход', 'Culpa id tempora consequatur sed. Facilis illum eos omnis autem.', 18, '2003-05-10 05:39:37', '2019-11-24 18:58:05');
INSERT INTO `users_log` (`id`, `event_type`, `message`, `user_id`, `created_at`, `updated_at`) VALUES (19, 'Вход', 'Omnis dolores fugiat et voluptatem et id libero iste. Nam ratione consequatur amet quo quas veniam et. Nisi et quae et dolorum voluptate temporibus. Minima id deserunt totam eum officia esse.', 19, '2002-07-06 08:29:19', '2018-12-10 17:33:49');
INSERT INTO `users_log` (`id`, `event_type`, `message`, `user_id`, `created_at`, `updated_at`) VALUES (20, 'Регистрация', 'Cupiditate ad ducimus et quo alias. Odit recusandae commodi aliquid consequatur atque et. Qui aut eius unde id. Qui provident ut voluptates error et ipsa at assumenda.', 20, '2002-09-19 18:26:20', '2012-10-03 19:20:56');
INSERT INTO `users_log` (`id`, `event_type`, `message`, `user_id`, `created_at`, `updated_at`) VALUES (21, 'Выход', 'Placeat earum voluptatem quibusdam illum saepe explicabo. Harum accusantium cupiditate quo ipsa animi animi autem. Iure voluptates qui laboriosam repudiandae hic facilis neque. Necessitatibus assumenda aut officiis.', 21, '2004-12-09 21:42:13', '2014-07-06 03:47:49');
INSERT INTO `users_log` (`id`, `event_type`, `message`, `user_id`, `created_at`, `updated_at`) VALUES (22, 'Регистрация', 'Et qui aut vitae. Neque cupiditate quos voluptates repellat autem. Voluptatibus laboriosam dolorum iure illo qui quod commodi.', 22, '2008-05-06 22:30:11', '2012-04-28 23:05:50');
INSERT INTO `users_log` (`id`, `event_type`, `message`, `user_id`, `created_at`, `updated_at`) VALUES (23, 'Выход', 'Error error quos adipisci aut commodi consequatur similique. Ut illum tempora labore voluptatem vel facilis. Provident voluptate qui explicabo molestias aperiam. Repellendus libero nemo architecto ex.', 23, '2007-03-09 11:41:02', '2014-03-18 16:34:35');
INSERT INTO `users_log` (`id`, `event_type`, `message`, `user_id`, `created_at`, `updated_at`) VALUES (24, 'Восстановление пароля', 'Minus hic similique praesentium eius ratione optio optio minima. Laborum provident ipsum saepe quae maiores et. Ut adipisci possimus aliquid nihil omnis adipisci vel.', 24, '2009-08-25 23:38:48', '2012-02-25 23:12:40');
INSERT INTO `users_log` (`id`, `event_type`, `message`, `user_id`, `created_at`, `updated_at`) VALUES (25, 'Выход', 'Sint aliquid sunt inventore reiciendis. Odit ut est aliquam voluptatem quia veniam mollitia animi. Sit qui est asperiores et atque. Dolore quisquam praesentium eos praesentium cupiditate in.', 25, '2008-05-29 18:34:49', '2019-11-20 14:02:34');
INSERT INTO `users_log` (`id`, `event_type`, `message`, `user_id`, `created_at`, `updated_at`) VALUES (26, 'Восстановление пароля', 'Id sunt sit reprehenderit nisi. Nisi molestias sed dignissimos quo incidunt et nam. Numquam architecto perferendis exercitationem possimus in modi. Delectus et dolorem et quia libero vero.', 26, '2002-12-06 18:45:07', '2014-05-08 02:25:00');
INSERT INTO `users_log` (`id`, `event_type`, `message`, `user_id`, `created_at`, `updated_at`) VALUES (27, 'Регистрация', 'Eligendi laudantium est ut sit. Ut quis corporis sint sed. Porro eius eos ut consequatur molestiae et. Inventore labore et vel laboriosam reiciendis.', 27, '2006-01-30 06:02:23', '2020-01-30 15:25:35');
INSERT INTO `users_log` (`id`, `event_type`, `message`, `user_id`, `created_at`, `updated_at`) VALUES (28, 'Регистрация', 'Soluta aut fugiat perspiciatis autem incidunt repellendus. Illo corrupti minus autem. Quas temporibus suscipit commodi corporis et repudiandae doloremque tempora. Saepe magni doloribus libero rem sed aut.', 28, '2008-10-05 15:40:20', '2014-03-26 19:13:08');
INSERT INTO `users_log` (`id`, `event_type`, `message`, `user_id`, `created_at`, `updated_at`) VALUES (29, 'Выход', 'Qui deleniti exercitationem voluptatibus ut. Neque deleniti molestiae praesentium nihil molestiae.', 29, '2004-11-24 15:18:58', '2019-05-28 21:17:49');
INSERT INTO `users_log` (`id`, `event_type`, `message`, `user_id`, `created_at`, `updated_at`) VALUES (30, 'Регистрация', 'Fugit facilis temporibus natus deleniti. Hic voluptate necessitatibus repellat ut at. Earum quia rerum ipsa perspiciatis minima atque odit expedita.', 30, '2007-07-16 11:07:58', '2013-12-05 01:05:11');
INSERT INTO `users_log` (`id`, `event_type`, `message`, `user_id`, `created_at`, `updated_at`) VALUES (31, 'Восстановление пароля', 'Nemo quos corrupti iusto est et reiciendis. Officiis similique optio ut repudiandae. Dolores deleniti voluptas laborum quod. Ea fuga quos consectetur ab.', 31, '2009-09-27 23:49:04', '2011-10-13 21:34:40');
INSERT INTO `users_log` (`id`, `event_type`, `message`, `user_id`, `created_at`, `updated_at`) VALUES (32, 'Выход', 'Eveniet nesciunt quas ea provident alias corporis. Ratione et delectus consequatur possimus et molestiae reiciendis sed.', 32, '2010-05-24 10:53:19', '2011-09-03 09:47:36');
INSERT INTO `users_log` (`id`, `event_type`, `message`, `user_id`, `created_at`, `updated_at`) VALUES (33, 'Вход', 'Modi officia laborum atque quos modi libero. At quibusdam et dolores quasi qui provident modi. Aut explicabo a ut reiciendis. Quidem animi accusantium est sint ut voluptatibus atque.', 33, '2002-05-30 15:02:35', '2014-09-05 19:01:59');
INSERT INTO `users_log` (`id`, `event_type`, `message`, `user_id`, `created_at`, `updated_at`) VALUES (34, 'Восстановление пароля', 'Aspernatur voluptatibus sapiente sed ducimus. Vitae suscipit rerum corrupti eum eius eveniet nostrum magni. Similique ipsam non incidunt et quo ut numquam. Iusto debitis neque nostrum harum.', 34, '2009-10-31 11:42:33', '2017-02-01 10:22:21');
INSERT INTO `users_log` (`id`, `event_type`, `message`, `user_id`, `created_at`, `updated_at`) VALUES (35, 'Выход', 'Voluptatem quibusdam similique rerum hic cumque saepe voluptatem. Facere enim iure ut hic aut. Tenetur sed labore incidunt officia facilis vero.', 35, '2009-08-29 14:37:08', '2014-07-16 22:05:06');
INSERT INTO `users_log` (`id`, `event_type`, `message`, `user_id`, `created_at`, `updated_at`) VALUES (36, 'Вход', 'Ut et a eius ratione. Numquam soluta facere dolorem dolor id dolor. Doloremque sunt vero numquam exercitationem. Nobis voluptatem numquam delectus animi.', 36, '2006-12-06 19:53:27', '2018-09-18 08:20:30');
INSERT INTO `users_log` (`id`, `event_type`, `message`, `user_id`, `created_at`, `updated_at`) VALUES (37, 'Выход', 'Est consequatur necessitatibus temporibus corrupti quia rem. Et unde consectetur magni perferendis sint. Est sunt optio et nihil beatae. Voluptatem delectus cumque ullam nostrum sit ea. Possimus debitis incidunt quis.', 37, '2008-02-01 01:33:36', '2012-08-09 06:14:21');
INSERT INTO `users_log` (`id`, `event_type`, `message`, `user_id`, `created_at`, `updated_at`) VALUES (38, 'Вход', 'Qui laborum et facere qui. Et rerum dolore ut et adipisci. Omnis adipisci magnam et quisquam.', 38, '2006-07-27 00:11:04', '2013-03-18 00:56:19');
INSERT INTO `users_log` (`id`, `event_type`, `message`, `user_id`, `created_at`, `updated_at`) VALUES (39, 'Выход', 'Minus vitae nemo consequatur iusto sint est. Dicta quos explicabo voluptatem qui. Voluptas id eum atque sapiente culpa architecto aut. Qui eum ab quia laborum ea.', 39, '2008-01-21 10:16:19', '2012-07-26 20:17:28');
INSERT INTO `users_log` (`id`, `event_type`, `message`, `user_id`, `created_at`, `updated_at`) VALUES (40, 'Вход', 'Voluptas fuga doloremque quas. Molestias eligendi quis quo eos amet vel. Aut laborum quibusdam atque labore.', 40, '2008-05-25 02:43:48', '2012-02-19 15:27:43');
INSERT INTO `users_log` (`id`, `event_type`, `message`, `user_id`, `created_at`, `updated_at`) VALUES (41, 'Восстановление пароля', 'Culpa autem culpa soluta repellat consequatur repudiandae adipisci. Harum est culpa explicabo id eum explicabo doloribus. Quia iste laboriosam et eum aperiam. Et nam est voluptas velit.', 41, '2002-03-26 02:40:01', '2017-06-02 12:09:02');
INSERT INTO `users_log` (`id`, `event_type`, `message`, `user_id`, `created_at`, `updated_at`) VALUES (42, 'Регистрация', 'Ut adipisci architecto voluptas. Nisi et eum tempore quia. Quam et non nobis molestiae.', 42, '2004-11-01 12:59:39', '2019-05-31 08:08:35');
INSERT INTO `users_log` (`id`, `event_type`, `message`, `user_id`, `created_at`, `updated_at`) VALUES (43, 'Вход', 'Quia voluptatem maiores nesciunt laudantium. Amet magnam accusamus tenetur exercitationem omnis. Voluptatem in quasi assumenda commodi.', 43, '2001-11-06 16:15:47', '2016-04-14 12:35:26');
INSERT INTO `users_log` (`id`, `event_type`, `message`, `user_id`, `created_at`, `updated_at`) VALUES (44, 'Вход', 'Ea neque vitae ipsum quaerat. Quibusdam et ullam minus officia cumque quas deleniti. Totam et voluptatem consectetur. Amet corporis nulla est aperiam. Eos sed enim hic ratione est non et.', 44, '2002-01-25 02:37:55', '2019-08-31 12:55:40');
INSERT INTO `users_log` (`id`, `event_type`, `message`, `user_id`, `created_at`, `updated_at`) VALUES (45, 'Восстановление пароля', 'Maiores sit fuga qui omnis rerum et. Aut ut quis maiores esse non quis architecto dignissimos. Minus et quod non deserunt sed et.', 45, '2004-07-03 10:07:38', '2020-04-12 11:00:47');
INSERT INTO `users_log` (`id`, `event_type`, `message`, `user_id`, `created_at`, `updated_at`) VALUES (46, 'Регистрация', 'Placeat odit incidunt dignissimos voluptatem corporis quos. Aperiam sunt consequatur quaerat ratione ullam. Odit aspernatur rerum qui repellat fugit asperiores facilis. Dolore sint voluptatem reprehenderit eius.', 46, '2010-07-05 04:26:06', '2011-11-09 17:47:21');
INSERT INTO `users_log` (`id`, `event_type`, `message`, `user_id`, `created_at`, `updated_at`) VALUES (47, 'Регистрация', 'Asperiores voluptas at et eius quis aliquam iste. Velit vel sed assumenda consectetur officiis. Quod ipsum omnis ut eveniet. Quidem sequi blanditiis praesentium repudiandae alias mollitia debitis.', 47, '2009-02-09 05:47:15', '2019-02-15 17:16:16');
INSERT INTO `users_log` (`id`, `event_type`, `message`, `user_id`, `created_at`, `updated_at`) VALUES (48, 'Восстановление пароля', 'Nihil consequatur quis sit odit esse quibusdam quas. Ipsam aut voluptate quis et possimus. Sint quo sed iure.', 48, '2007-02-09 11:17:41', '2011-10-03 22:00:07');
INSERT INTO `users_log` (`id`, `event_type`, `message`, `user_id`, `created_at`, `updated_at`) VALUES (49, 'Регистрация', 'Nihil in tenetur quisquam minima quidem placeat. Et quae earum reprehenderit ab earum sunt nam. Cum possimus beatae nobis magni id.', 49, '2004-02-12 22:14:32', '2018-06-26 23:08:59');
INSERT INTO `users_log` (`id`, `event_type`, `message`, `user_id`, `created_at`, `updated_at`) VALUES (50, 'Регистрация', 'Vel earum nulla esse et repellat repellendus qui. Voluptas qui nihil repudiandae id est ab inventore. Temporibus excepturi rem rerum molestiae eum exercitationem reiciendis. Temporibus dicta similique voluptatem in dolorem. Quam quia dignissimos temporibu', 50, '2006-10-20 20:07:05', '2016-10-18 00:44:31');
INSERT INTO `users_log` (`id`, `event_type`, `message`, `user_id`, `created_at`, `updated_at`) VALUES (51, 'Выход', 'Quia libero exercitationem rerum a doloribus maxime. Quia est ex expedita architecto dolorem est soluta. Libero esse aliquid et neque facere. Officia tempore accusamus numquam aut qui.', 51, '2009-02-19 03:46:26', '2015-01-24 03:08:58');
INSERT INTO `users_log` (`id`, `event_type`, `message`, `user_id`, `created_at`, `updated_at`) VALUES (52, 'Регистрация', 'Impedit a repellat quasi aut ut dolores veritatis. Molestiae modi quaerat est eum labore repellat quia. Sint maxime harum est quidem placeat qui. Dolor repellendus impedit aliquam molestiae aperiam.', 52, '2006-09-21 19:28:01', '2020-03-21 14:06:23');
INSERT INTO `users_log` (`id`, `event_type`, `message`, `user_id`, `created_at`, `updated_at`) VALUES (53, 'Восстановление пароля', 'Quo est voluptas qui praesentium ut. Eius velit animi laudantium repellat illo dolor perspiciatis alias. Est distinctio eum fugiat architecto ipsum reiciendis.', 53, '2003-03-01 12:01:14', '2018-07-12 02:31:09');
INSERT INTO `users_log` (`id`, `event_type`, `message`, `user_id`, `created_at`, `updated_at`) VALUES (54, 'Вход', 'Ipsum dolore aut adipisci facilis. Fugiat doloremque repellendus iusto repellendus qui omnis placeat. Sequi asperiores iusto consequuntur sit inventore quis. Vel accusamus consectetur eos atque repellendus voluptatem.', 54, '2003-07-15 09:54:05', '2013-05-31 22:46:16');
INSERT INTO `users_log` (`id`, `event_type`, `message`, `user_id`, `created_at`, `updated_at`) VALUES (55, 'Вход', 'Quia consequuntur quo perspiciatis aut aliquam in. Quae sit voluptatem voluptatem magnam voluptatum aut. Sunt omnis quia voluptatem blanditiis odio quod. Repellendus laudantium animi error aut vitae cumque.', 55, '2009-10-08 19:12:00', '2018-04-16 11:33:52');
INSERT INTO `users_log` (`id`, `event_type`, `message`, `user_id`, `created_at`, `updated_at`) VALUES (56, 'Регистрация', 'Qui sed voluptatum sed soluta dolorem doloribus natus. Hic ex aspernatur ipsa molestiae voluptatum necessitatibus. Rem voluptas ut tempora dolore fuga.', 56, '2002-05-09 22:38:52', '2020-02-05 10:11:32');
INSERT INTO `users_log` (`id`, `event_type`, `message`, `user_id`, `created_at`, `updated_at`) VALUES (57, 'Регистрация', 'Id et magni non explicabo. Consequuntur minus explicabo mollitia odio sint. Cupiditate et facilis nulla sit quidem.', 57, '2008-06-15 23:51:17', '2011-02-12 06:11:36');
INSERT INTO `users_log` (`id`, `event_type`, `message`, `user_id`, `created_at`, `updated_at`) VALUES (58, 'Регистрация', 'Voluptas tempora temporibus aperiam iste porro. Repellat molestiae maiores sit qui consequatur sit. Harum voluptate similique nostrum eaque non dolore minus. Non neque aut voluptatum alias aliquid nostrum laboriosam.', 58, '2009-03-12 11:09:48', '2016-01-22 03:20:36');
INSERT INTO `users_log` (`id`, `event_type`, `message`, `user_id`, `created_at`, `updated_at`) VALUES (59, 'Регистрация', 'Atque molestias soluta laboriosam quis nostrum unde. Facere quis quia aut cum officiis nobis. Unde provident impedit expedita voluptatem dolores. Optio unde sapiente vel.', 59, '2002-03-27 10:39:26', '2016-04-01 22:25:29');
INSERT INTO `users_log` (`id`, `event_type`, `message`, `user_id`, `created_at`, `updated_at`) VALUES (60, 'Регистрация', 'Quos architecto ut aperiam accusamus rerum labore. Ratione ullam sint iusto enim. Consequatur omnis quibusdam excepturi expedita. Consequatur molestias deleniti qui nisi adipisci voluptatem. Quibusdam soluta asperiores magnam aliquam.', 60, '2002-09-29 12:26:15', '2010-10-29 16:59:52');
INSERT INTO `users_log` (`id`, `event_type`, `message`, `user_id`, `created_at`, `updated_at`) VALUES (61, 'Восстановление пароля', 'Ea sunt dicta quis fugit vero aut. Aut inventore saepe aut at in atque necessitatibus. Nam iste et expedita blanditiis sed expedita ullam consequuntur. Quibusdam earum et consequatur rerum ut ullam.', 61, '2000-12-30 12:21:41', '2019-06-29 13:48:14');
INSERT INTO `users_log` (`id`, `event_type`, `message`, `user_id`, `created_at`, `updated_at`) VALUES (62, 'Регистрация', 'Iste repellat quaerat adipisci omnis animi molestiae aperiam. Voluptatem ullam sunt nostrum id magni omnis. Aut sed distinctio voluptas at.', 62, '2008-11-30 08:45:57', '2015-09-13 11:22:48');
INSERT INTO `users_log` (`id`, `event_type`, `message`, `user_id`, `created_at`, `updated_at`) VALUES (63, 'Вход', 'Necessitatibus debitis sapiente sequi enim totam quisquam. Iusto dolor aliquam reiciendis voluptatibus est repudiandae enim. Exercitationem dicta cupiditate qui accusantium.', 63, '2002-05-15 09:30:36', '2013-08-04 07:29:18');
INSERT INTO `users_log` (`id`, `event_type`, `message`, `user_id`, `created_at`, `updated_at`) VALUES (64, 'Выход', 'Laudantium dolores quia nam. Consequatur nisi non quia consequatur. A itaque molestiae voluptatem doloribus enim nisi voluptatem.', 64, '2004-11-13 06:52:50', '2017-09-11 21:16:20');
INSERT INTO `users_log` (`id`, `event_type`, `message`, `user_id`, `created_at`, `updated_at`) VALUES (65, 'Вход', 'Ea enim saepe fugiat nihil. Expedita rem exercitationem aut temporibus aperiam. Accusamus cum eos eligendi. Et dolore ea omnis.', 65, '2002-02-19 10:35:20', '2017-11-08 20:28:48');
INSERT INTO `users_log` (`id`, `event_type`, `message`, `user_id`, `created_at`, `updated_at`) VALUES (66, 'Выход', 'Consequatur nihil vel possimus dolore ut ipsam. Quia id omnis id mollitia. Doloribus incidunt velit corrupti sapiente quia.', 66, '2000-08-18 05:29:38', '2012-01-28 13:11:34');
INSERT INTO `users_log` (`id`, `event_type`, `message`, `user_id`, `created_at`, `updated_at`) VALUES (67, 'Выход', 'Exercitationem necessitatibus voluptatem nesciunt nulla et est iure. Illum aliquid delectus vero delectus et dolores necessitatibus ipsa. Aspernatur earum modi voluptatibus.', 67, '2003-02-19 07:54:47', '2017-11-11 17:32:29');
INSERT INTO `users_log` (`id`, `event_type`, `message`, `user_id`, `created_at`, `updated_at`) VALUES (68, 'Вход', 'Et autem maiores ut. Eaque voluptatem et consequatur facilis fuga. Repudiandae aut laudantium laboriosam est at velit et. Quia quam et est. Commodi reiciendis et qui.', 68, '2006-11-26 10:26:05', '2015-11-21 03:35:38');
INSERT INTO `users_log` (`id`, `event_type`, `message`, `user_id`, `created_at`, `updated_at`) VALUES (69, 'Восстановление пароля', 'Consectetur expedita voluptatum animi repudiandae est dolore ut. Autem dicta aut consequatur omnis quo ut. Expedita magnam repellendus consectetur quia eos voluptates.', 69, '2005-10-09 09:55:50', '2011-03-27 22:00:50');
INSERT INTO `users_log` (`id`, `event_type`, `message`, `user_id`, `created_at`, `updated_at`) VALUES (70, 'Выход', 'Et aut perferendis quia nihil. Dolores aut et sint eaque officiis eum beatae. Sit sit deleniti consectetur animi voluptatem odio. Dolorum est et qui et repellendus ipsa omnis.', 70, '2004-08-04 22:10:37', '2019-04-01 01:20:43');
INSERT INTO `users_log` (`id`, `event_type`, `message`, `user_id`, `created_at`, `updated_at`) VALUES (71, 'Регистрация', 'Aut blanditiis consectetur dolorem. Culpa aut rerum quibusdam tempore hic possimus non. Voluptas quisquam ex quod qui harum doloribus sed quia. Nobis quidem sint est fuga iure beatae aut totam.', 71, '2000-10-27 23:01:41', '2013-01-12 15:35:27');
INSERT INTO `users_log` (`id`, `event_type`, `message`, `user_id`, `created_at`, `updated_at`) VALUES (72, 'Восстановление пароля', 'Molestias impedit vitae nulla dolores placeat expedita. Voluptatibus est reprehenderit omnis voluptas ipsum.', 72, '2005-10-11 14:18:06', '2015-12-17 08:15:51');
INSERT INTO `users_log` (`id`, `event_type`, `message`, `user_id`, `created_at`, `updated_at`) VALUES (73, 'Регистрация', 'Quae aut vel sint sit cumque iste. Voluptatibus est placeat voluptatem iste aliquam mollitia. Beatae et itaque sint repellat.', 73, '2002-04-26 23:53:39', '2014-12-28 17:57:03');
INSERT INTO `users_log` (`id`, `event_type`, `message`, `user_id`, `created_at`, `updated_at`) VALUES (74, 'Регистрация', 'Eos veniam deserunt rem totam qui. Quas nulla consequatur quod velit. Sunt qui sed alias suscipit et id.', 74, '2006-06-18 22:39:56', '2016-02-18 11:27:50');
INSERT INTO `users_log` (`id`, `event_type`, `message`, `user_id`, `created_at`, `updated_at`) VALUES (75, 'Восстановление пароля', 'Blanditiis qui est molestiae totam quia reprehenderit voluptatem. Voluptas architecto voluptatum illo. Aspernatur ex ullam voluptates architecto.', 75, '2007-12-06 12:56:33', '2014-05-09 18:23:33');
INSERT INTO `users_log` (`id`, `event_type`, `message`, `user_id`, `created_at`, `updated_at`) VALUES (76, 'Выход', 'Saepe ut beatae aut ratione repudiandae error dignissimos. Voluptatem similique dolorem id quo ut animi ut. Magni error natus qui dignissimos dignissimos rerum. Soluta animi saepe omnis accusamus sunt odit.', 76, '2003-10-21 17:05:38', '2014-01-12 10:07:13');
INSERT INTO `users_log` (`id`, `event_type`, `message`, `user_id`, `created_at`, `updated_at`) VALUES (77, 'Вход', 'Omnis eveniet voluptatibus amet quis magni molestias culpa. Placeat quia dolorem aut at rerum eligendi facere praesentium. Porro natus omnis repellat suscipit et itaque.', 77, '2007-12-11 10:07:32', '2016-09-14 17:51:59');
INSERT INTO `users_log` (`id`, `event_type`, `message`, `user_id`, `created_at`, `updated_at`) VALUES (78, 'Регистрация', 'Placeat non atque consequatur nihil illo et asperiores dolorum. Est doloremque eligendi perspiciatis eos provident. Laboriosam odit minus dignissimos natus vero totam. Hic ut quia quod ullam possimus.', 78, '2006-04-16 09:12:45', '2014-01-05 02:32:12');
INSERT INTO `users_log` (`id`, `event_type`, `message`, `user_id`, `created_at`, `updated_at`) VALUES (79, 'Выход', 'Temporibus commodi aperiam dolorem sunt quia ullam repellendus. Odit ea aliquid minima. Cupiditate est est ut quod magni.', 79, '2005-07-07 12:15:06', '2014-01-16 04:53:52');
INSERT INTO `users_log` (`id`, `event_type`, `message`, `user_id`, `created_at`, `updated_at`) VALUES (80, 'Вход', 'Est et aut et est consequatur qui est aut. Repudiandae quidem voluptatum fuga quis.', 80, '2004-03-09 12:25:25', '2012-12-15 04:58:22');
INSERT INTO `users_log` (`id`, `event_type`, `message`, `user_id`, `created_at`, `updated_at`) VALUES (81, 'Регистрация', 'Harum dolorem libero debitis doloribus ullam. Ut perspiciatis sed quia. Ut id odio asperiores voluptatem minus odio. Occaecati maxime quia vel sit exercitationem accusamus tempora.', 81, '2010-07-29 21:55:30', '2015-09-10 11:03:35');
INSERT INTO `users_log` (`id`, `event_type`, `message`, `user_id`, `created_at`, `updated_at`) VALUES (82, 'Восстановление пароля', 'Quae voluptas tempore natus et. Ab odio perferendis in totam. Non ullam et quo eligendi ab. Ipsam maiores saepe at sequi impedit earum soluta.', 82, '2009-03-03 21:21:55', '2011-11-02 04:36:21');
INSERT INTO `users_log` (`id`, `event_type`, `message`, `user_id`, `created_at`, `updated_at`) VALUES (83, 'Вход', 'Doloremque facilis ipsum soluta porro. Libero debitis omnis veritatis rerum omnis. Necessitatibus quis et voluptatem ut ab qui unde.', 83, '2007-08-09 19:16:27', '2014-06-20 23:43:48');
INSERT INTO `users_log` (`id`, `event_type`, `message`, `user_id`, `created_at`, `updated_at`) VALUES (84, 'Регистрация', 'Placeat dolores similique nobis eius nostrum fugiat in. Qui modi modi natus velit sint laudantium delectus vel. Provident aliquid quos molestiae ab.', 84, '2008-12-03 15:40:44', '2015-10-10 23:30:29');
INSERT INTO `users_log` (`id`, `event_type`, `message`, `user_id`, `created_at`, `updated_at`) VALUES (85, 'Выход', 'Nisi et minus autem beatae. Maiores qui tempore eos nesciunt quia labore. Officiis autem qui qui. Nihil aut eveniet explicabo unde doloribus soluta.', 85, '2002-05-30 17:48:49', '2020-01-06 18:55:11');
INSERT INTO `users_log` (`id`, `event_type`, `message`, `user_id`, `created_at`, `updated_at`) VALUES (86, 'Восстановление пароля', 'Et voluptatem facere blanditiis exercitationem. Inventore excepturi adipisci placeat delectus. Voluptatum perspiciatis omnis quisquam deserunt magnam. Eos corrupti voluptatem odit ab doloremque.', 86, '2007-08-24 07:42:54', '2018-02-05 20:41:33');
INSERT INTO `users_log` (`id`, `event_type`, `message`, `user_id`, `created_at`, `updated_at`) VALUES (87, 'Выход', 'Est qui deleniti quia. Repellendus eos ipsa autem quo. Beatae nihil porro quia ipsum et voluptatibus. Et natus voluptatem officiis natus quia odit saepe doloremque. Et libero a et.', 87, '2006-04-22 23:56:56', '2013-12-06 23:06:45');
INSERT INTO `users_log` (`id`, `event_type`, `message`, `user_id`, `created_at`, `updated_at`) VALUES (88, 'Регистрация', 'Nesciunt voluptatem quos et. Exercitationem voluptatem quia consequatur. Quo molestiae soluta unde aperiam. Consequatur vel qui est.', 88, '2009-12-17 03:24:52', '2014-01-11 17:23:39');
INSERT INTO `users_log` (`id`, `event_type`, `message`, `user_id`, `created_at`, `updated_at`) VALUES (89, 'Регистрация', 'Repellendus sunt qui illum voluptatum. Quod et adipisci et. Distinctio reprehenderit tempore voluptatem et est quos assumenda. Quibusdam ducimus omnis qui tempore.', 89, '2010-01-16 21:54:57', '2016-05-06 12:21:53');
INSERT INTO `users_log` (`id`, `event_type`, `message`, `user_id`, `created_at`, `updated_at`) VALUES (90, 'Регистрация', 'Mollitia asperiores dolores iusto eos sit. Debitis quia voluptas vel animi eos et. Modi dolorem quas quo sed quam sint dolor placeat. Rem et deserunt dolore quibusdam temporibus voluptas rerum ipsa.', 90, '2008-02-27 17:14:24', '2011-08-06 19:11:44');
INSERT INTO `users_log` (`id`, `event_type`, `message`, `user_id`, `created_at`, `updated_at`) VALUES (91, 'Вход', 'Et in harum eum adipisci enim porro labore cumque. Nesciunt rem eum sapiente numquam. Aut dolor porro necessitatibus vel. Id qui sed vitae eaque aut non. Pariatur voluptas accusantium dolorem et cumque dolore perferendis.', 91, '2001-07-03 13:05:31', '2012-03-19 16:39:33');
INSERT INTO `users_log` (`id`, `event_type`, `message`, `user_id`, `created_at`, `updated_at`) VALUES (92, 'Вход', 'Totam eveniet vel voluptatibus ratione dolorem velit nihil. Nam asperiores facilis eveniet est. Explicabo blanditiis voluptatem facilis eos eum adipisci.', 92, '2004-08-19 07:10:42', '2014-02-20 05:25:38');
INSERT INTO `users_log` (`id`, `event_type`, `message`, `user_id`, `created_at`, `updated_at`) VALUES (93, 'Регистрация', 'Eaque ducimus et rerum sed. Qui blanditiis itaque aut labore. Recusandae voluptatum eum necessitatibus praesentium.', 93, '2005-01-12 10:16:07', '2020-04-04 00:04:31');
INSERT INTO `users_log` (`id`, `event_type`, `message`, `user_id`, `created_at`, `updated_at`) VALUES (94, 'Вход', 'Porro eveniet earum libero officia. Accusantium dolorem error unde deleniti ea quos. Animi veniam debitis repellendus facilis vel. Neque dolores enim nemo quo ratione.', 94, '2006-04-28 06:44:59', '2018-01-14 16:38:50');
INSERT INTO `users_log` (`id`, `event_type`, `message`, `user_id`, `created_at`, `updated_at`) VALUES (95, 'Выход', 'Culpa autem est id. Non aliquid sunt cupiditate est culpa iusto. Cum aut adipisci aut quia. Aliquam qui impedit consequatur nisi.', 95, '2005-07-24 12:22:23', '2015-03-23 07:02:37');
INSERT INTO `users_log` (`id`, `event_type`, `message`, `user_id`, `created_at`, `updated_at`) VALUES (96, 'Восстановление пароля', 'Nobis qui voluptatibus laborum voluptatum quia necessitatibus. Qui inventore velit id. Quia voluptatem aut ab magni non. Deserunt perspiciatis quae sint inventore hic.', 96, '2005-11-15 07:51:33', '2010-11-23 04:43:09');
INSERT INTO `users_log` (`id`, `event_type`, `message`, `user_id`, `created_at`, `updated_at`) VALUES (97, 'Выход', 'Et dicta modi in voluptate optio iste. Ad vel nobis maxime mollitia dolor facilis molestias. Mollitia qui corporis est quo. Nulla ut consequuntur debitis explicabo.', 97, '2009-03-18 20:30:23', '2013-09-29 04:46:29');
INSERT INTO `users_log` (`id`, `event_type`, `message`, `user_id`, `created_at`, `updated_at`) VALUES (98, 'Выход', 'Et veniam harum quisquam consequatur est occaecati est. Eligendi quo et quaerat quo consequatur nihil deleniti.', 98, '2002-09-08 05:35:58', '2019-07-08 19:08:45');
INSERT INTO `users_log` (`id`, `event_type`, `message`, `user_id`, `created_at`, `updated_at`) VALUES (99, 'Выход', 'Vel quidem et non tenetur quia soluta quo. Aut atque aut voluptate alias. Magni dolores voluptates dolores facere et excepturi vel blanditiis.', 99, '2005-04-30 16:56:14', '2019-09-30 05:06:17');
INSERT INTO `users_log` (`id`, `event_type`, `message`, `user_id`, `created_at`, `updated_at`) VALUES (100, 'Восстановление пароля', 'Aliquid accusantium maiores dolorum itaque magnam quasi. Reprehenderit perferendis consectetur dolorem inventore aut dolorem dignissimos molestiae. Quisquam et enim modi esse. Omnis repudiandae aut nulla dolore.', 100, '2002-05-21 10:42:41', '2016-05-26 18:23:55');


INSERT INTO `videos` (`id`, `name`, `description`, `storage_link`, `channel_id`, `created_at`, `updated_at`) VALUES (1, 'qui', 'Modi nihil nihil odio quasi. Qui possimus porro consequatur aliquid. Explicabo quo soluta nesciunt est. Numquam autem qui tempora deserunt ut.', 'http://www.heathcote.com/', 1, '2008-11-21 10:08:45', '2016-01-15 09:44:25');
INSERT INTO `videos` (`id`, `name`, `description`, `storage_link`, `channel_id`, `created_at`, `updated_at`) VALUES (2, 'deserunt', 'Porro expedita et dolor est. Quia accusantium illo voluptas ut in aperiam. Distinctio voluptate veniam qui natus.', 'http://strosin.biz/', 2, '2006-02-27 21:55:12', '2018-02-08 06:01:45');
INSERT INTO `videos` (`id`, `name`, `description`, `storage_link`, `channel_id`, `created_at`, `updated_at`) VALUES (3, 'est', 'Quia harum ut dignissimos eos ut. Sit alias quo voluptatum est. Sed repellendus quia quia molestias illum cupiditate.', 'http://johnsonkrajcik.org/', 3, '2008-10-15 08:07:30', '2011-09-25 04:39:20');
INSERT INTO `videos` (`id`, `name`, `description`, `storage_link`, `channel_id`, `created_at`, `updated_at`) VALUES (4, 'beatae', 'Quod vero architecto nesciunt nam. Corrupti quo magni dolorem quam cumque saepe sint. Veniam tempora quia aliquid mollitia.', 'http://ferryrenner.biz/', 4, '2005-01-17 04:01:32', '2011-01-11 20:26:12');
INSERT INTO `videos` (`id`, `name`, `description`, `storage_link`, `channel_id`, `created_at`, `updated_at`) VALUES (5, 'nesciunt', 'Velit commodi exercitationem quas necessitatibus fuga eius. Nam ipsam ut libero quos iste non pariatur. Rem consequatur perspiciatis alias. Quia cupiditate et repudiandae aut et. Dolore non necessitatibus itaque.', 'http://wiza.net/', 5, '2002-12-08 21:06:31', '2013-09-27 20:40:14');
INSERT INTO `videos` (`id`, `name`, `description`, `storage_link`, `channel_id`, `created_at`, `updated_at`) VALUES (6, 'ad', 'Doloremque aut voluptatum velit ipsam vitae. At sed facilis nihil alias sunt. Voluptatum minus laborum ut similique veniam. Neque quasi aut amet ipsa sint quia. Expedita iure sed delectus est est omnis possimus dolorem.', 'http://okeefe.com/', 6, '2002-01-15 09:13:35', '2013-01-27 11:24:17');
INSERT INTO `videos` (`id`, `name`, `description`, `storage_link`, `channel_id`, `created_at`, `updated_at`) VALUES (7, 'corporis', 'Voluptates nostrum architecto iste similique provident blanditiis omnis nostrum. Totam qui temporibus dignissimos quam voluptatem. Exercitationem in autem alias nam et.', 'http://www.franecki.com/', 7, '2002-05-31 16:48:54', '2013-03-25 17:36:16');
INSERT INTO `videos` (`id`, `name`, `description`, `storage_link`, `channel_id`, `created_at`, `updated_at`) VALUES (8, 'enim', 'Sequi similique repudiandae eligendi repudiandae aliquam ut quo quia. Fuga laborum et quasi impedit quod amet. Aspernatur quasi accusantium omnis. Molestias molestiae est debitis quam ratione.', 'http://millsluettgen.com/', 8, '2005-06-06 11:31:17', '2012-07-02 11:02:24');
INSERT INTO `videos` (`id`, `name`, `description`, `storage_link`, `channel_id`, `created_at`, `updated_at`) VALUES (9, 'repudiandae', 'Doloribus autem consequatur delectus similique at dolorum ullam. Eos officiis sunt odio rerum. Voluptas aspernatur iure ex sint.', 'http://ziemann.com/', 9, '2003-08-14 23:13:31', '2018-02-20 18:38:53');
INSERT INTO `videos` (`id`, `name`, `description`, `storage_link`, `channel_id`, `created_at`, `updated_at`) VALUES (10, 'aut', 'Et minima ea quos. Ea tempora ducimus dignissimos necessitatibus sunt voluptas. Fuga exercitationem suscipit ad dolor et aut.', 'http://www.littel.net/', 10, '2000-09-11 03:26:23', '2018-05-15 12:50:14');
INSERT INTO `videos` (`id`, `name`, `description`, `storage_link`, `channel_id`, `created_at`, `updated_at`) VALUES (11, 'et', 'Sed dicta ut assumenda amet et. Iste dicta reiciendis id dolore optio nihil. Veniam fugiat reiciendis nisi atque labore.', 'http://www.stiedemann.net/', 11, '2001-07-17 08:54:29', '2018-10-27 17:32:19');
INSERT INTO `videos` (`id`, `name`, `description`, `storage_link`, `channel_id`, `created_at`, `updated_at`) VALUES (12, 'et', 'In architecto eaque velit facilis aut voluptatem. Debitis itaque ut corrupti et animi sint vero. Dolorem sed voluptatem autem ab illum et possimus.', 'http://leuschke.biz/', 12, '2009-10-14 23:59:20', '2020-01-12 23:40:11');
INSERT INTO `videos` (`id`, `name`, `description`, `storage_link`, `channel_id`, `created_at`, `updated_at`) VALUES (13, 'consequatur', 'Corporis officia officia eaque. Quisquam non quae et. Ut ut sed officia qui eum repudiandae cumque beatae. Illo numquam amet consequatur ab corporis.', 'http://www.ziemeframi.com/', 13, '2001-12-14 20:22:54', '2012-09-03 12:08:02');
INSERT INTO `videos` (`id`, `name`, `description`, `storage_link`, `channel_id`, `created_at`, `updated_at`) VALUES (14, 'suscipit', 'Aliquid modi quia maxime accusantium minus beatae. Et repudiandae voluptate et vel. Ea qui neque enim aliquam eos provident consequatur.', 'http://www.gleichner.com/', 14, '2001-11-10 11:52:46', '2017-07-05 23:48:14');
INSERT INTO `videos` (`id`, `name`, `description`, `storage_link`, `channel_id`, `created_at`, `updated_at`) VALUES (15, 'qui', 'Qui doloribus occaecati deserunt est. Facilis consequatur doloribus quis. Et sed eius officiis odit quisquam ipsam ipsa.', 'http://christiansen.org/', 15, '2003-08-03 21:48:06', '2019-07-23 14:17:18');
INSERT INTO `videos` (`id`, `name`, `description`, `storage_link`, `channel_id`, `created_at`, `updated_at`) VALUES (16, 'vero', 'Et sapiente beatae est quis. Omnis voluptas tempora voluptate qui et. Sit accusantium nihil maxime et sit est.', 'http://www.howell.com/', 16, '2008-06-30 17:50:07', '2014-12-13 23:46:25');
INSERT INTO `videos` (`id`, `name`, `description`, `storage_link`, `channel_id`, `created_at`, `updated_at`) VALUES (17, 'laboriosam', 'Laborum accusamus modi suscipit at voluptas. Incidunt ea non tenetur quod. Eaque fugiat ut eos.', 'http://www.littelleuschke.com/', 17, '2000-12-29 21:25:11', '2015-12-15 10:46:46');
INSERT INTO `videos` (`id`, `name`, `description`, `storage_link`, `channel_id`, `created_at`, `updated_at`) VALUES (18, 'numquam', 'Numquam cum aliquid enim vitae saepe. Sit quas iste quo veniam non voluptatem. Nostrum dolorem ut ratione et. Ullam est praesentium ut magnam inventore.', 'http://www.collier.com/', 18, '2007-10-02 12:05:27', '2016-03-10 16:37:22');
INSERT INTO `videos` (`id`, `name`, `description`, `storage_link`, `channel_id`, `created_at`, `updated_at`) VALUES (19, 'omnis', 'Voluptas ut corporis ea illo assumenda. Earum explicabo provident sapiente necessitatibus natus alias. Magnam nisi sed reiciendis.', 'http://www.manndibbert.com/', 19, '2005-06-25 03:36:25', '2017-01-12 05:08:22');
INSERT INTO `videos` (`id`, `name`, `description`, `storage_link`, `channel_id`, `created_at`, `updated_at`) VALUES (20, 'omnis', 'Ratione qui ipsa perspiciatis dolor. Et sit autem quas incidunt consectetur necessitatibus iure. Voluptatem iure nemo voluptas sed. Officia eaque enim doloremque quasi atque.', 'http://www.croninryan.net/', 20, '2005-04-21 11:32:47', '2011-07-27 15:56:36');
INSERT INTO `videos` (`id`, `name`, `description`, `storage_link`, `channel_id`, `created_at`, `updated_at`) VALUES (21, 'unde', 'Natus et incidunt ut. Sit animi eaque nobis fugiat sed odit non aut. Quia vitae culpa reiciendis vel consequatur dolorem. Autem tempora labore incidunt deserunt facere recusandae.', 'http://larsonpadberg.net/', 21, '2002-12-25 06:16:00', '2016-04-06 09:04:28');
INSERT INTO `videos` (`id`, `name`, `description`, `storage_link`, `channel_id`, `created_at`, `updated_at`) VALUES (22, 'explicabo', 'Fugit sint et temporibus voluptatem tenetur soluta. Consequuntur aliquid rerum rerum commodi esse porro. Excepturi autem exercitationem magni. Sint tempore in aspernatur esse.', 'http://www.zemlakcrona.com/', 22, '2006-07-23 03:00:49', '2012-10-07 23:25:02');
INSERT INTO `videos` (`id`, `name`, `description`, `storage_link`, `channel_id`, `created_at`, `updated_at`) VALUES (23, 'qui', 'Iste voluptas ducimus explicabo inventore. Expedita nostrum rerum quis in minima ratione. Cum sed commodi dolorem numquam non. Consequatur dolores dolor ut amet dolor voluptatum. Nobis velit necessitatibus non hic.', 'http://schimmel.com/', 23, '2006-05-10 06:04:14', '2015-11-11 15:48:26');
INSERT INTO `videos` (`id`, `name`, `description`, `storage_link`, `channel_id`, `created_at`, `updated_at`) VALUES (24, 'officiis', 'Blanditiis aut corrupti quidem mollitia ipsam provident. Autem odit assumenda ipsam eum. Deserunt excepturi molestias dolores possimus.', 'http://schaeferdouglas.com/', 24, '2001-09-14 22:26:08', '2011-06-11 17:49:27');
INSERT INTO `videos` (`id`, `name`, `description`, `storage_link`, `channel_id`, `created_at`, `updated_at`) VALUES (25, 'necessitatibus', 'Quas deserunt rem doloremque magni beatae voluptatem. Perspiciatis et doloremque velit totam ea qui. Earum est necessitatibus excepturi tempora iste sunt veritatis. Occaecati excepturi soluta ea animi officia porro sit quia.', 'http://wieganddeckow.com/', 25, '2001-07-16 19:59:39', '2019-06-18 03:06:30');
INSERT INTO `videos` (`id`, `name`, `description`, `storage_link`, `channel_id`, `created_at`, `updated_at`) VALUES (26, 'deleniti', 'A quod et assumenda est sint quia dicta error. Quis facere veritatis quos voluptas rerum ab labore. Laborum earum reprehenderit voluptatem voluptatem a. Et quasi quasi ut iste temporibus autem ullam.', 'http://cronaspinka.com/', 26, '2003-12-01 05:43:31', '2012-07-21 10:56:18');
INSERT INTO `videos` (`id`, `name`, `description`, `storage_link`, `channel_id`, `created_at`, `updated_at`) VALUES (27, 'quibusdam', 'Aut omnis eos neque necessitatibus inventore in. Nostrum excepturi tenetur nesciunt unde. Et velit nemo expedita ratione amet. Voluptates voluptatibus est tempore sint consequatur.', 'http://www.powlowski.com/', 27, '2003-06-21 06:04:33', '2013-03-02 09:53:50');
INSERT INTO `videos` (`id`, `name`, `description`, `storage_link`, `channel_id`, `created_at`, `updated_at`) VALUES (28, 'dolor', 'Cumque aperiam molestiae aut odit cum. Deleniti praesentium beatae sint tempore aliquam. Atque excepturi delectus accusamus nam corporis sint. Sapiente et voluptatem animi consectetur quo.', 'http://www.yost.info/', 28, '2005-03-22 20:24:52', '2016-01-16 07:17:42');
INSERT INTO `videos` (`id`, `name`, `description`, `storage_link`, `channel_id`, `created_at`, `updated_at`) VALUES (29, 'laudantium', 'At eos saepe nesciunt velit exercitationem magni. Voluptate consequuntur exercitationem id et sunt porro aut. Iste facilis impedit culpa ipsum delectus.', 'http://www.willms.com/', 29, '2007-04-13 11:54:04', '2017-04-06 19:32:41');
INSERT INTO `videos` (`id`, `name`, `description`, `storage_link`, `channel_id`, `created_at`, `updated_at`) VALUES (30, 'consectetur', 'Corrupti et ex ex magnam. Praesentium facilis sed accusamus eum quo repudiandae. Est reprehenderit ut exercitationem saepe odit dolor nihil alias. Excepturi debitis ut non qui iure adipisci porro.', 'http://www.rath.com/', 30, '2009-06-17 18:44:48', '2014-02-08 19:06:05');
INSERT INTO `videos` (`id`, `name`, `description`, `storage_link`, `channel_id`, `created_at`, `updated_at`) VALUES (31, 'nam', 'Optio voluptatem qui voluptatibus ea magnam dolores ipsum. Voluptatem ad tempora iure fuga. Architecto sit voluptas voluptas enim quas doloremque. Earum esse numquam voluptatum modi.', 'http://www.heaney.com/', 31, '2003-07-04 01:50:39', '2018-10-23 20:43:27');
INSERT INTO `videos` (`id`, `name`, `description`, `storage_link`, `channel_id`, `created_at`, `updated_at`) VALUES (32, 'error', 'Reiciendis esse placeat ullam quas. Pariatur magni qui tempora voluptatem sed. Illum esse non quia dignissimos inventore sunt dolore.', 'http://www.rempelyost.com/', 32, '2002-09-04 06:37:36', '2016-02-26 04:39:06');
INSERT INTO `videos` (`id`, `name`, `description`, `storage_link`, `channel_id`, `created_at`, `updated_at`) VALUES (33, 'et', 'Nesciunt a illo perferendis neque temporibus. Ratione qui minus ut et debitis aut ex excepturi. Et porro nobis saepe tenetur voluptatem eius omnis qui. Saepe ea non voluptate similique.', 'http://gleasonmcglynn.com/', 33, '2010-03-17 13:28:37', '2018-12-05 15:22:42');
INSERT INTO `videos` (`id`, `name`, `description`, `storage_link`, `channel_id`, `created_at`, `updated_at`) VALUES (34, 'qui', 'Voluptas quia qui et consectetur quas enim. Non vel architecto tempora et. Ut enim voluptatem sed nostrum ut doloremque. Dolor dolorum omnis eum veritatis.', 'http://www.zboncakgreenholt.com/', 34, '2004-11-24 09:50:18', '2013-03-03 07:02:44');
INSERT INTO `videos` (`id`, `name`, `description`, `storage_link`, `channel_id`, `created_at`, `updated_at`) VALUES (35, 'et', 'Porro odit nostrum officia dolorum. Maiores placeat autem libero. Autem blanditiis ut impedit excepturi. Totam libero vitae corrupti aut voluptatum adipisci.', 'http://yundtrempel.com/', 35, '2008-02-17 19:18:03', '2014-08-07 04:22:42');
INSERT INTO `videos` (`id`, `name`, `description`, `storage_link`, `channel_id`, `created_at`, `updated_at`) VALUES (36, 'quia', 'Et vel aut veritatis illo incidunt magni blanditiis. Et quo in magnam. Officiis asperiores sit ab pariatur qui sunt mollitia.', 'http://www.zboncakstoltenberg.com/', 36, '2005-09-20 14:01:31', '2018-02-17 04:50:38');
INSERT INTO `videos` (`id`, `name`, `description`, `storage_link`, `channel_id`, `created_at`, `updated_at`) VALUES (37, 'est', 'In eum cupiditate quod vel reprehenderit enim voluptatem. Modi eveniet sed suscipit totam. Perspiciatis iusto alias quae animi nihil. Distinctio quos quo consequatur et.', 'http://wilkinson.com/', 37, '2000-12-13 14:35:14', '2014-02-05 23:23:57');
INSERT INTO `videos` (`id`, `name`, `description`, `storage_link`, `channel_id`, `created_at`, `updated_at`) VALUES (38, 'qui', 'Facere dolorem in quaerat dolorum. Eius officia nam beatae voluptate sit omnis ullam consequatur. Consequatur optio ullam quia aspernatur ducimus. Molestiae aliquam harum neque dicta delectus et voluptas.', 'http://www.halvorsonschulist.com/', 38, '2007-05-12 00:25:30', '2016-01-10 12:47:12');
INSERT INTO `videos` (`id`, `name`, `description`, `storage_link`, `channel_id`, `created_at`, `updated_at`) VALUES (39, 'et', 'Voluptatum eligendi soluta eos impedit autem harum aperiam deserunt. Laboriosam et sit facere accusamus molestias sed praesentium. Incidunt commodi et aut qui et alias.', 'http://oconner.com/', 39, '2005-05-02 11:06:59', '2015-08-02 00:28:58');
INSERT INTO `videos` (`id`, `name`, `description`, `storage_link`, `channel_id`, `created_at`, `updated_at`) VALUES (40, 'magnam', 'Consequuntur vero voluptas iusto corrupti. Libero sint a ab voluptas. Rem quos nemo aut voluptatem. Quia porro nihil quisquam impedit dolor.', 'http://schmitt.org/', 40, '2000-08-22 06:02:28', '2019-01-11 03:02:00');
INSERT INTO `videos` (`id`, `name`, `description`, `storage_link`, `channel_id`, `created_at`, `updated_at`) VALUES (41, 'temporibus', 'Quis ipsum in et ipsum sed. Consequuntur error esse ducimus est est vel. Maiores eveniet et dolor facilis.', 'http://cristwyman.com/', 41, '2003-08-18 22:13:26', '2017-02-17 11:17:25');
INSERT INTO `videos` (`id`, `name`, `description`, `storage_link`, `channel_id`, `created_at`, `updated_at`) VALUES (42, 'minima', 'Similique error et sed. Quam et et odio iure reprehenderit.', 'http://jacobi.com/', 42, '2003-06-25 17:01:05', '2013-01-05 05:51:07');
INSERT INTO `videos` (`id`, `name`, `description`, `storage_link`, `channel_id`, `created_at`, `updated_at`) VALUES (43, 'voluptas', 'Eveniet earum quia quos tempore. Assumenda et cupiditate quis consequatur saepe repudiandae.', 'http://www.bartell.org/', 43, '2006-06-23 07:04:28', '2013-02-26 10:04:25');
INSERT INTO `videos` (`id`, `name`, `description`, `storage_link`, `channel_id`, `created_at`, `updated_at`) VALUES (44, 'est', 'Fugit nihil ut nam quis libero esse eaque. Quia qui incidunt distinctio itaque laboriosam. Amet quia vel perferendis. Laborum magnam optio commodi est rem voluptatem.', 'http://uptonlemke.info/', 44, '2001-02-01 15:58:19', '2013-12-18 11:08:09');
INSERT INTO `videos` (`id`, `name`, `description`, `storage_link`, `channel_id`, `created_at`, `updated_at`) VALUES (45, 'ut', 'Voluptas vitae quaerat quia aut quo. Qui maxime id aut accusamus. Rerum praesentium quaerat eaque voluptatibus. Amet qui quibusdam aut facilis.', 'http://schaden.com/', 45, '2003-06-17 21:50:45', '2020-05-30 12:19:01');
INSERT INTO `videos` (`id`, `name`, `description`, `storage_link`, `channel_id`, `created_at`, `updated_at`) VALUES (46, 'id', 'Repudiandae modi nulla tempore pariatur. Omnis sequi ipsum eaque voluptate mollitia. Consequuntur ut et voluptatum laudantium illo est.', 'http://ruecker.info/', 46, '2004-07-01 01:27:04', '2019-04-20 16:50:30');
INSERT INTO `videos` (`id`, `name`, `description`, `storage_link`, `channel_id`, `created_at`, `updated_at`) VALUES (47, 'dicta', 'Incidunt ut expedita architecto totam. Dolores deserunt et sit accusantium ea ea ex. Voluptatem maxime tempore maxime ut ut. Perferendis molestiae dolor quis id ipsum enim voluptatum.', 'http://russel.com/', 47, '2005-04-01 00:55:31', '2012-08-31 13:35:20');
INSERT INTO `videos` (`id`, `name`, `description`, `storage_link`, `channel_id`, `created_at`, `updated_at`) VALUES (48, 'ab', 'Et saepe officia enim rerum a similique. Molestiae sed qui ad ipsum et repellendus. Laudantium eos fugiat est. Doloremque cupiditate veniam eveniet provident nesciunt.', 'http://gerhold.org/', 48, '2003-05-14 10:17:28', '2011-08-09 00:22:48');
INSERT INTO `videos` (`id`, `name`, `description`, `storage_link`, `channel_id`, `created_at`, `updated_at`) VALUES (49, 'ullam', 'Consequatur illo velit aliquid enim pariatur quo itaque. Dolorem architecto eligendi hic id eveniet. Dolorum vitae aliquid et et inventore. Qui veniam recusandae aut quibusdam.', 'http://www.predovic.biz/', 49, '2007-07-19 10:28:00', '2014-04-16 17:09:03');
INSERT INTO `videos` (`id`, `name`, `description`, `storage_link`, `channel_id`, `created_at`, `updated_at`) VALUES (50, 'magnam', 'Consequuntur delectus commodi voluptatibus porro. Reiciendis non sunt qui quam. Fuga enim laudantium quo repellat ut. Est nisi repudiandae eius saepe et magni eligendi.', 'http://www.runolfsdottirfay.com/', 50, '2005-04-01 14:43:58', '2015-07-09 11:35:43');
INSERT INTO `videos` (`id`, `name`, `description`, `storage_link`, `channel_id`, `created_at`, `updated_at`) VALUES (51, 'nam', 'Sunt aperiam nam cum delectus quaerat. Voluptas voluptas omnis illum fugiat. Illo eaque et sit porro ab.', 'http://www.reingerschroeder.com/', 51, '2005-04-16 21:12:39', '2018-07-13 17:16:19');
INSERT INTO `videos` (`id`, `name`, `description`, `storage_link`, `channel_id`, `created_at`, `updated_at`) VALUES (52, 'blanditiis', 'Quo qui unde in sed pariatur voluptas maiores a. Non molestias veniam et. Quod porro ullam modi omnis consequuntur reprehenderit provident sed.', 'http://www.fahey.com/', 52, '2003-11-01 11:36:16', '2011-09-16 15:54:18');
INSERT INTO `videos` (`id`, `name`, `description`, `storage_link`, `channel_id`, `created_at`, `updated_at`) VALUES (53, 'sit', 'Aut id est ducimus incidunt voluptatem. Et est provident tenetur accusamus natus corporis placeat. Porro neque qui aspernatur harum vero eius.', 'http://www.gerlach.com/', 53, '2004-11-15 17:12:40', '2018-07-21 22:23:07');
INSERT INTO `videos` (`id`, `name`, `description`, `storage_link`, `channel_id`, `created_at`, `updated_at`) VALUES (54, 'deserunt', 'Quis sunt numquam facere voluptas. Asperiores pariatur adipisci qui et omnis est. In quia qui aperiam quae cumque deserunt esse.', 'http://www.mccullough.com/', 54, '2008-07-18 05:16:08', '2013-11-11 12:29:34');
INSERT INTO `videos` (`id`, `name`, `description`, `storage_link`, `channel_id`, `created_at`, `updated_at`) VALUES (55, 'reprehenderit', 'Amet asperiores alias iusto aut omnis ex molestias ab. Nam voluptas aut enim harum. Quis quasi tenetur dolores sapiente earum aliquam adipisci.', 'http://www.schneidermckenzie.com/', 55, '2007-01-20 17:36:34', '2016-01-11 01:25:15');
INSERT INTO `videos` (`id`, `name`, `description`, `storage_link`, `channel_id`, `created_at`, `updated_at`) VALUES (56, 'vero', 'Iste eos non molestiae iste eveniet ea. Cumque voluptates voluptatem a praesentium saepe animi consequuntur. Qui odio dolore dolores. Error est ab perspiciatis ea quo iste veniam. Est labore enim distinctio ratione.', 'http://stoltenberg.com/', 56, '2003-08-05 12:12:16', '2011-02-22 07:17:24');
INSERT INTO `videos` (`id`, `name`, `description`, `storage_link`, `channel_id`, `created_at`, `updated_at`) VALUES (57, 'ut', 'Fuga architecto sit distinctio adipisci voluptatum nihil. Atque est aut explicabo possimus enim aut vitae laudantium. Quia non consectetur tempore rem. Delectus quia vero placeat placeat facere maiores dolore.', 'http://www.kassulke.com/', 57, '2006-09-25 04:31:36', '2015-11-07 03:07:17');
INSERT INTO `videos` (`id`, `name`, `description`, `storage_link`, `channel_id`, `created_at`, `updated_at`) VALUES (58, 'velit', 'Architecto sit atque voluptas porro. Et inventore vero sed ut. Vel dicta sed perferendis facere reiciendis pariatur beatae. Sapiente aut harum necessitatibus quidem perferendis deserunt possimus.', 'http://greenfeldermarks.com/', 58, '2001-11-15 05:39:49', '2011-04-06 21:33:57');
INSERT INTO `videos` (`id`, `name`, `description`, `storage_link`, `channel_id`, `created_at`, `updated_at`) VALUES (59, 'itaque', 'Vel libero architecto corrupti neque sed ea porro. Ipsa est assumenda voluptatibus tempore atque tempora. Iste aperiam saepe sint sed.', 'http://www.hanegutmann.com/', 59, '2007-03-17 06:23:24', '2017-06-28 07:54:28');
INSERT INTO `videos` (`id`, `name`, `description`, `storage_link`, `channel_id`, `created_at`, `updated_at`) VALUES (60, 'quo', 'Cumque cum saepe omnis aut dolorum et. Sunt quisquam quia provident. Consequatur molestiae eum est earum reiciendis molestiae. Rerum quasi deserunt et corporis dolorem consectetur.', 'http://www.schoenmueller.biz/', 60, '2008-09-26 08:31:30', '2019-06-10 09:08:44');
INSERT INTO `videos` (`id`, `name`, `description`, `storage_link`, `channel_id`, `created_at`, `updated_at`) VALUES (61, 'quis', 'Soluta impedit eius molestiae numquam at. Corporis ut sit iusto accusantium. Quia numquam rerum in earum.', 'http://schaeferheidenreich.org/', 61, '2003-07-02 01:45:57', '2015-11-08 09:30:39');
INSERT INTO `videos` (`id`, `name`, `description`, `storage_link`, `channel_id`, `created_at`, `updated_at`) VALUES (62, 'et', 'Est laboriosam enim eveniet autem illum. Dolor eos consequuntur quam id delectus sapiente. Ea mollitia quae libero unde veniam aspernatur at velit.', 'http://turner.biz/', 62, '2001-07-27 22:44:38', '2019-07-15 15:23:09');
INSERT INTO `videos` (`id`, `name`, `description`, `storage_link`, `channel_id`, `created_at`, `updated_at`) VALUES (63, 'omnis', 'Enim velit minima sit voluptatem. Nobis provident quod iusto quibusdam magnam libero. Reiciendis qui quia cum ut architecto qui. Harum dolorem quos dignissimos unde et omnis. Ut qui ut iure et vitae.', 'http://durgangoyette.info/', 63, '2002-12-13 08:34:02', '2018-11-23 09:45:11');
INSERT INTO `videos` (`id`, `name`, `description`, `storage_link`, `channel_id`, `created_at`, `updated_at`) VALUES (64, 'sit', 'Incidunt est perferendis exercitationem et. Officia vitae consequatur omnis quis. Corporis aut illo qui dolore et omnis. Deleniti consequatur nostrum quia pariatur atque ut.', 'http://www.kerluke.net/', 64, '2004-05-31 11:05:35', '2020-02-19 22:23:06');
INSERT INTO `videos` (`id`, `name`, `description`, `storage_link`, `channel_id`, `created_at`, `updated_at`) VALUES (65, 'quod', 'Repellendus quis nihil dolores temporibus provident non ducimus minima. Perferendis qui sunt expedita veritatis doloribus et.', 'http://schmelerroob.net/', 65, '2000-08-07 04:56:43', '2012-06-11 05:03:34');
INSERT INTO `videos` (`id`, `name`, `description`, `storage_link`, `channel_id`, `created_at`, `updated_at`) VALUES (66, 'beatae', 'Dolores eum ad molestiae natus. Voluptatem minima iure et qui optio veritatis illum. Ducimus neque sed sequi.', 'http://www.marquardt.biz/', 66, '2005-02-14 07:56:45', '2017-09-02 04:05:38');
INSERT INTO `videos` (`id`, `name`, `description`, `storage_link`, `channel_id`, `created_at`, `updated_at`) VALUES (67, 'velit', 'Sit reprehenderit et voluptas perferendis ipsum. Et ut labore nulla. Iste sunt sit aut sequi aut nihil ducimus. Tempora provident sed mollitia cupiditate accusamus.', 'http://www.brakus.com/', 67, '2009-03-09 01:39:17', '2015-06-03 18:33:41');
INSERT INTO `videos` (`id`, `name`, `description`, `storage_link`, `channel_id`, `created_at`, `updated_at`) VALUES (68, 'non', 'Nesciunt omnis illum aut ut. Neque illo praesentium assumenda. Assumenda provident culpa neque laborum excepturi.', 'http://reynolds.com/', 68, '2004-06-18 12:48:43', '2019-08-08 04:43:25');
INSERT INTO `videos` (`id`, `name`, `description`, `storage_link`, `channel_id`, `created_at`, `updated_at`) VALUES (69, 'quia', 'In error molestiae incidunt qui unde sint. Architecto dolorem totam ut et autem et voluptas. Aut voluptatem pariatur ipsum totam et temporibus veritatis. Ut atque itaque ea consequatur.', 'http://www.streich.com/', 69, '2004-03-07 17:07:31', '2013-11-05 15:59:35');
INSERT INTO `videos` (`id`, `name`, `description`, `storage_link`, `channel_id`, `created_at`, `updated_at`) VALUES (70, 'non', 'Eius harum ea dolor reprehenderit. Blanditiis cum natus consequatur totam. Est non quisquam ut et et minima.', 'http://rempel.org/', 70, '2005-07-31 14:29:40', '2016-10-13 02:37:25');
INSERT INTO `videos` (`id`, `name`, `description`, `storage_link`, `channel_id`, `created_at`, `updated_at`) VALUES (71, 'id', 'Dolor nihil temporibus incidunt assumenda. Tempora voluptatum velit aut.', 'http://www.goodwin.com/', 71, '2009-02-21 23:03:47', '2016-03-13 18:50:39');
INSERT INTO `videos` (`id`, `name`, `description`, `storage_link`, `channel_id`, `created_at`, `updated_at`) VALUES (72, 'soluta', 'Beatae officia error architecto dolore. Suscipit quia et voluptatem illum ratione. Rem aut autem reprehenderit nesciunt. Quia nostrum quae quos maxime tempora itaque dolor eos.', 'http://www.hintzweimann.biz/', 72, '2007-08-21 20:43:38', '2016-09-14 14:07:42');
INSERT INTO `videos` (`id`, `name`, `description`, `storage_link`, `channel_id`, `created_at`, `updated_at`) VALUES (73, 'magnam', 'Quos aliquam aspernatur quo dolor. Iste modi ut error ad ea. Quis necessitatibus in praesentium harum error. In rem amet blanditiis consequatur. Sunt velit consequuntur ipsam est possimus est.', 'http://www.pfannerstill.biz/', 73, '2002-11-30 20:20:40', '2013-05-10 17:32:37');
INSERT INTO `videos` (`id`, `name`, `description`, `storage_link`, `channel_id`, `created_at`, `updated_at`) VALUES (74, 'hic', 'Qui dignissimos culpa quia cumque commodi. Saepe sit natus similique accusantium. Harum voluptatem ut vero dignissimos pariatur.', 'http://www.goodwin.com/', 74, '2005-07-03 09:01:37', '2019-10-19 03:39:33');
INSERT INTO `videos` (`id`, `name`, `description`, `storage_link`, `channel_id`, `created_at`, `updated_at`) VALUES (75, 'dignissimos', 'Ducimus itaque et nam qui. Et id aut rem minus tenetur reprehenderit enim. Ut quo quia a sit. Quia sequi unde dolorum quod doloremque.', 'http://kunde.net/', 75, '2003-02-24 04:57:09', '2014-03-20 02:16:30');
INSERT INTO `videos` (`id`, `name`, `description`, `storage_link`, `channel_id`, `created_at`, `updated_at`) VALUES (76, 'voluptatem', 'Rerum molestiae consequuntur excepturi suscipit quam est ut. Voluptatem minus vitae sint id. Libero est molestias dicta ipsam consequuntur recusandae. Eius ex aliquid quod accusantium est voluptatem.', 'http://www.daughertystiedemann.com/', 76, '2006-05-14 21:00:56', '2015-10-23 15:51:28');
INSERT INTO `videos` (`id`, `name`, `description`, `storage_link`, `channel_id`, `created_at`, `updated_at`) VALUES (77, 'consequatur', 'Nihil nulla possimus consequatur cumque. Facere delectus illum in esse. Ullam optio dolor illo natus ut odit reprehenderit. Voluptates nemo cupiditate facilis quia sed aperiam blanditiis.', 'http://streich.com/', 77, '2001-05-11 23:13:58', '2014-06-15 11:43:04');
INSERT INTO `videos` (`id`, `name`, `description`, `storage_link`, `channel_id`, `created_at`, `updated_at`) VALUES (78, 'consequuntur', 'Et quidem quam illo labore quisquam. Distinctio quaerat dolores error odit autem id quae occaecati. Minima omnis enim iste enim cupiditate labore quas.', 'http://littelstrosin.com/', 78, '2002-09-05 14:35:51', '2012-06-17 11:56:40');
INSERT INTO `videos` (`id`, `name`, `description`, `storage_link`, `channel_id`, `created_at`, `updated_at`) VALUES (79, 'deleniti', 'Recusandae eos labore accusantium eius quo modi minus. Quidem praesentium excepturi ipsa animi quia. Tempora maiores ullam laborum neque quia mollitia magni.', 'http://www.abshire.com/', 79, '2007-08-18 12:26:57', '2011-08-21 02:43:27');
INSERT INTO `videos` (`id`, `name`, `description`, `storage_link`, `channel_id`, `created_at`, `updated_at`) VALUES (80, 'soluta', 'Qui voluptatum ea fugiat eius ipsam debitis distinctio. Perferendis tempora deleniti minima. Eum in asperiores blanditiis voluptates et quis. Hic similique iusto sint aliquid exercitationem alias.', 'http://www.pouros.com/', 80, '2001-07-23 07:26:10', '2015-03-13 12:19:47');
INSERT INTO `videos` (`id`, `name`, `description`, `storage_link`, `channel_id`, `created_at`, `updated_at`) VALUES (81, 'perspiciatis', 'Dolor debitis et sit facere eos blanditiis et. Natus voluptates temporibus in.', 'http://www.graham.org/', 81, '2007-09-03 11:38:36', '2010-12-10 20:03:40');
INSERT INTO `videos` (`id`, `name`, `description`, `storage_link`, `channel_id`, `created_at`, `updated_at`) VALUES (82, 'voluptatem', 'Nostrum non architecto temporibus sit et sequi esse. Veniam nisi qui quis omnis et. Voluptatibus ut aut vero cumque. Ad nihil qui distinctio dignissimos aperiam non vel.', 'http://www.johnstonlemke.com/', 82, '2007-04-29 16:42:51', '2014-02-08 07:48:49');
INSERT INTO `videos` (`id`, `name`, `description`, `storage_link`, `channel_id`, `created_at`, `updated_at`) VALUES (83, 'repudiandae', 'Dolorem expedita eos minus quo est minus. Minus praesentium consequatur totam odit. Sunt voluptatem unde commodi molestiae explicabo. Illum totam amet aut repudiandae sunt autem aliquam.', 'http://www.ortiz.biz/', 83, '2006-09-07 21:34:29', '2018-01-21 12:24:16');
INSERT INTO `videos` (`id`, `name`, `description`, `storage_link`, `channel_id`, `created_at`, `updated_at`) VALUES (84, 'qui', 'Aperiam libero sapiente qui corrupti omnis. Tenetur odit vitae distinctio autem. Ut repellat culpa quis ipsum numquam non. Repudiandae modi cupiditate sed molestiae soluta excepturi omnis.', 'http://www.conn.com/', 84, '2009-08-01 00:09:46', '2017-04-30 23:46:00');
INSERT INTO `videos` (`id`, `name`, `description`, `storage_link`, `channel_id`, `created_at`, `updated_at`) VALUES (85, 'blanditiis', 'Qui nam quam quis quas adipisci aut nihil. Ut dolor ut ut dolores incidunt totam. Pariatur architecto eum aspernatur aut vel.', 'http://www.murphy.com/', 85, '2002-07-08 01:48:21', '2015-11-21 04:36:15');
INSERT INTO `videos` (`id`, `name`, `description`, `storage_link`, `channel_id`, `created_at`, `updated_at`) VALUES (86, 'accusamus', 'Quisquam quis voluptatem iure alias corrupti saepe. Autem velit omnis molestiae quis consequatur laboriosam aut.', 'http://schaden.net/', 86, '2002-04-26 02:12:39', '2018-06-07 12:16:05');
INSERT INTO `videos` (`id`, `name`, `description`, `storage_link`, `channel_id`, `created_at`, `updated_at`) VALUES (87, 'rerum', 'Deserunt non voluptas eum velit cupiditate magni laboriosam sed. Doloribus et non ea unde quia. Sit et quis dolore et nulla. Et est quaerat ut ut.', 'http://heller.com/', 87, '2006-09-16 16:17:09', '2018-12-20 22:37:21');
INSERT INTO `videos` (`id`, `name`, `description`, `storage_link`, `channel_id`, `created_at`, `updated_at`) VALUES (88, 'dolore', 'Impedit odio asperiores voluptas dignissimos hic ut. Quo quis aut voluptatem dolorum quis voluptates repellat. Aut adipisci rem quo iusto commodi est. Molestiae voluptates id accusantium deleniti.', 'http://www.schmelerthompson.com/', 88, '2009-08-13 13:53:35', '2020-04-03 01:04:00');
INSERT INTO `videos` (`id`, `name`, `description`, `storage_link`, `channel_id`, `created_at`, `updated_at`) VALUES (89, 'qui', 'Quo iure quisquam a commodi atque eveniet atque. Totam amet cupiditate autem eaque consequatur hic. Velit deserunt et aut quo. Quibusdam iste voluptatum dolores ratione.', 'http://dach.com/', 89, '2007-12-29 18:49:34', '2019-11-20 10:00:31');
INSERT INTO `videos` (`id`, `name`, `description`, `storage_link`, `channel_id`, `created_at`, `updated_at`) VALUES (90, 'minus', 'Quia voluptatem dolor impedit incidunt. Et inventore officia deserunt nostrum et. Harum et iure eos fugit aliquid iusto.', 'http://green.info/', 90, '2007-11-05 10:51:20', '2019-09-27 22:21:57');
INSERT INTO `videos` (`id`, `name`, `description`, `storage_link`, `channel_id`, `created_at`, `updated_at`) VALUES (91, 'vel', 'Provident culpa similique consequatur aut quo quia. Aliquam ipsam nesciunt quo ab distinctio sit aliquid omnis. Qui nihil laudantium maxime sed tempore. Quidem inventore reprehenderit veniam omnis sed adipisci.', 'http://reichel.com/', 91, '2007-08-16 21:39:15', '2018-03-03 00:47:40');
INSERT INTO `videos` (`id`, `name`, `description`, `storage_link`, `channel_id`, `created_at`, `updated_at`) VALUES (92, 'fugiat', 'Consequuntur corrupti minus aut alias eveniet voluptates est. Voluptas itaque laborum deserunt ea sed harum. Sit sapiente excepturi laboriosam quia quis eos.', 'http://www.bogisich.com/', 92, '2010-05-27 03:11:53', '2015-01-27 06:34:32');
INSERT INTO `videos` (`id`, `name`, `description`, `storage_link`, `channel_id`, `created_at`, `updated_at`) VALUES (93, 'recusandae', 'Laborum delectus aut iure id. Ea ea eaque quibusdam et maxime eaque. Et aut molestiae quod ea iusto laudantium. Cupiditate ab aliquid veritatis occaecati distinctio.', 'http://www.ritchie.com/', 93, '2000-08-21 16:31:38', '2019-03-07 17:52:11');
INSERT INTO `videos` (`id`, `name`, `description`, `storage_link`, `channel_id`, `created_at`, `updated_at`) VALUES (94, 'et', 'Qui cupiditate veniam temporibus voluptates. Et sapiente deleniti tempore.', 'http://cassintorphy.com/', 94, '2007-09-23 12:51:48', '2014-02-15 18:40:15');
INSERT INTO `videos` (`id`, `name`, `description`, `storage_link`, `channel_id`, `created_at`, `updated_at`) VALUES (95, 'maxime', 'Magni minima dolorem fugiat ut quam praesentium laudantium. Dolores voluptas voluptas delectus. Omnis occaecati nihil nihil pariatur sunt necessitatibus quod fugit. Soluta voluptatibus voluptas doloremque perferendis molestiae doloribus.', 'http://fadel.info/', 95, '2003-05-31 13:59:02', '2013-12-23 18:29:06');
INSERT INTO `videos` (`id`, `name`, `description`, `storage_link`, `channel_id`, `created_at`, `updated_at`) VALUES (96, 'non', 'Reprehenderit reiciendis maxime eius velit. Est optio nulla debitis qui fuga. Totam sed officiis vitae autem et porro. In ad placeat saepe cumque magnam nihil.', 'http://windler.com/', 96, '2006-11-22 09:31:13', '2014-04-10 16:41:47');
INSERT INTO `videos` (`id`, `name`, `description`, `storage_link`, `channel_id`, `created_at`, `updated_at`) VALUES (97, 'nemo', 'Error autem distinctio eius molestiae tenetur molestias quas praesentium. Eveniet aspernatur quo sunt mollitia unde. Asperiores ut quisquam iure facere ducimus minima.', 'http://www.mclaughlin.com/', 97, '2007-05-16 03:20:25', '2011-11-16 05:50:56');
INSERT INTO `videos` (`id`, `name`, `description`, `storage_link`, `channel_id`, `created_at`, `updated_at`) VALUES (98, 'id', 'Aut ipsam adipisci voluptatem. Inventore dolores placeat autem quae. Qui ipsum est ut sint eaque dignissimos.', 'http://www.ohara.biz/', 98, '2007-04-18 15:08:54', '2012-04-25 08:22:40');
INSERT INTO `videos` (`id`, `name`, `description`, `storage_link`, `channel_id`, `created_at`, `updated_at`) VALUES (99, 'vel', 'Facere excepturi sapiente adipisci eum cum ut. Aut voluptas minima qui nobis minus. Voluptatibus eius impedit nam consequuntur commodi.', 'http://www.treutel.info/', 99, '2005-01-09 21:31:59', '2020-06-10 20:16:38');
INSERT INTO `videos` (`id`, `name`, `description`, `storage_link`, `channel_id`, `created_at`, `updated_at`) VALUES (100, 'dolore', 'Excepturi harum provident reprehenderit placeat. Et ea sapiente ex animi velit quia. Reprehenderit repellat vitae quidem ex iusto quia sed qui.', 'http://rice.org/', 100, '2005-06-15 00:13:06', '2017-05-09 01:53:34');



INSERT INTO `video_bookmarks` (`id`, `user_id`, `video_id`, `created_at`, `updated_at`) VALUES (1, 1, 1, '2005-11-09 10:44:16', '2014-11-15 17:08:17');
INSERT INTO `video_bookmarks` (`id`, `user_id`, `video_id`, `created_at`, `updated_at`) VALUES (2, 2, 2, '2007-06-27 09:42:39', '2015-11-28 20:54:47');
INSERT INTO `video_bookmarks` (`id`, `user_id`, `video_id`, `created_at`, `updated_at`) VALUES (3, 3, 3, '2001-02-07 20:31:53', '2013-05-12 16:30:45');
INSERT INTO `video_bookmarks` (`id`, `user_id`, `video_id`, `created_at`, `updated_at`) VALUES (4, 4, 4, '2009-09-11 16:58:08', '2010-11-26 17:03:33');
INSERT INTO `video_bookmarks` (`id`, `user_id`, `video_id`, `created_at`, `updated_at`) VALUES (5, 5, 5, '2002-01-04 06:10:21', '2016-02-25 08:58:06');
INSERT INTO `video_bookmarks` (`id`, `user_id`, `video_id`, `created_at`, `updated_at`) VALUES (6, 6, 6, '2001-03-19 14:51:53', '2010-09-12 12:02:41');
INSERT INTO `video_bookmarks` (`id`, `user_id`, `video_id`, `created_at`, `updated_at`) VALUES (7, 7, 7, '2005-09-23 12:00:27', '2014-11-25 07:13:37');
INSERT INTO `video_bookmarks` (`id`, `user_id`, `video_id`, `created_at`, `updated_at`) VALUES (8, 8, 8, '2010-04-11 06:44:11', '2018-12-08 06:49:27');
INSERT INTO `video_bookmarks` (`id`, `user_id`, `video_id`, `created_at`, `updated_at`) VALUES (9, 9, 9, '2006-01-24 00:58:27', '2017-01-10 01:39:18');
INSERT INTO `video_bookmarks` (`id`, `user_id`, `video_id`, `created_at`, `updated_at`) VALUES (10, 10, 10, '2008-06-06 21:09:14', '2012-01-21 11:59:41');
INSERT INTO `video_bookmarks` (`id`, `user_id`, `video_id`, `created_at`, `updated_at`) VALUES (11, 11, 11, '2005-11-16 22:12:08', '2013-12-03 03:21:58');
INSERT INTO `video_bookmarks` (`id`, `user_id`, `video_id`, `created_at`, `updated_at`) VALUES (12, 12, 12, '2007-10-29 19:14:46', '2019-06-08 21:02:58');
INSERT INTO `video_bookmarks` (`id`, `user_id`, `video_id`, `created_at`, `updated_at`) VALUES (13, 13, 13, '2004-01-15 00:12:28', '2015-03-08 14:13:26');
INSERT INTO `video_bookmarks` (`id`, `user_id`, `video_id`, `created_at`, `updated_at`) VALUES (14, 14, 14, '2008-10-24 09:16:13', '2020-02-27 06:23:17');
INSERT INTO `video_bookmarks` (`id`, `user_id`, `video_id`, `created_at`, `updated_at`) VALUES (15, 15, 15, '2009-02-09 05:41:32', '2020-05-09 05:46:02');
INSERT INTO `video_bookmarks` (`id`, `user_id`, `video_id`, `created_at`, `updated_at`) VALUES (16, 16, 16, '2003-08-14 12:16:07', '2019-10-08 14:19:57');
INSERT INTO `video_bookmarks` (`id`, `user_id`, `video_id`, `created_at`, `updated_at`) VALUES (17, 17, 17, '2001-09-22 01:29:30', '2013-11-21 19:45:18');
INSERT INTO `video_bookmarks` (`id`, `user_id`, `video_id`, `created_at`, `updated_at`) VALUES (18, 18, 18, '2006-08-17 09:23:03', '2019-02-27 11:53:23');
INSERT INTO `video_bookmarks` (`id`, `user_id`, `video_id`, `created_at`, `updated_at`) VALUES (19, 19, 19, '2006-01-14 10:53:54', '2019-11-15 22:59:45');
INSERT INTO `video_bookmarks` (`id`, `user_id`, `video_id`, `created_at`, `updated_at`) VALUES (20, 20, 20, '2008-04-05 15:21:04', '2015-06-18 14:19:28');
INSERT INTO `video_bookmarks` (`id`, `user_id`, `video_id`, `created_at`, `updated_at`) VALUES (21, 21, 21, '2004-11-30 14:00:48', '2014-10-10 06:12:46');
INSERT INTO `video_bookmarks` (`id`, `user_id`, `video_id`, `created_at`, `updated_at`) VALUES (22, 22, 22, '2007-03-15 02:57:19', '2014-02-24 21:30:23');
INSERT INTO `video_bookmarks` (`id`, `user_id`, `video_id`, `created_at`, `updated_at`) VALUES (23, 23, 23, '2000-08-07 22:32:19', '2013-04-15 10:36:24');
INSERT INTO `video_bookmarks` (`id`, `user_id`, `video_id`, `created_at`, `updated_at`) VALUES (24, 24, 24, '2002-01-16 11:23:14', '2016-08-07 18:31:45');
INSERT INTO `video_bookmarks` (`id`, `user_id`, `video_id`, `created_at`, `updated_at`) VALUES (25, 25, 25, '2010-06-05 10:48:00', '2012-04-15 20:53:15');
INSERT INTO `video_bookmarks` (`id`, `user_id`, `video_id`, `created_at`, `updated_at`) VALUES (26, 26, 26, '2009-06-01 21:12:00', '2013-10-30 02:23:52');
INSERT INTO `video_bookmarks` (`id`, `user_id`, `video_id`, `created_at`, `updated_at`) VALUES (27, 27, 27, '2002-02-13 16:18:08', '2014-10-03 15:14:22');
INSERT INTO `video_bookmarks` (`id`, `user_id`, `video_id`, `created_at`, `updated_at`) VALUES (28, 28, 28, '2010-07-13 10:15:08', '2011-04-30 04:08:30');
INSERT INTO `video_bookmarks` (`id`, `user_id`, `video_id`, `created_at`, `updated_at`) VALUES (29, 29, 29, '2003-10-29 12:08:01', '2019-10-13 23:12:15');
INSERT INTO `video_bookmarks` (`id`, `user_id`, `video_id`, `created_at`, `updated_at`) VALUES (30, 30, 30, '2007-09-08 07:09:17', '2018-03-14 12:12:51');
INSERT INTO `video_bookmarks` (`id`, `user_id`, `video_id`, `created_at`, `updated_at`) VALUES (31, 31, 31, '2007-06-16 16:57:20', '2013-07-02 16:06:09');
INSERT INTO `video_bookmarks` (`id`, `user_id`, `video_id`, `created_at`, `updated_at`) VALUES (32, 32, 32, '2007-10-07 14:38:52', '2011-01-02 19:04:29');
INSERT INTO `video_bookmarks` (`id`, `user_id`, `video_id`, `created_at`, `updated_at`) VALUES (33, 33, 33, '2005-08-17 07:25:23', '2012-03-10 07:14:31');
INSERT INTO `video_bookmarks` (`id`, `user_id`, `video_id`, `created_at`, `updated_at`) VALUES (34, 34, 34, '2000-10-07 00:20:30', '2020-01-27 12:03:28');
INSERT INTO `video_bookmarks` (`id`, `user_id`, `video_id`, `created_at`, `updated_at`) VALUES (35, 35, 35, '2007-11-28 09:41:02', '2011-05-28 10:09:57');
INSERT INTO `video_bookmarks` (`id`, `user_id`, `video_id`, `created_at`, `updated_at`) VALUES (36, 36, 36, '2008-08-12 03:15:44', '2019-01-13 03:49:16');
INSERT INTO `video_bookmarks` (`id`, `user_id`, `video_id`, `created_at`, `updated_at`) VALUES (37, 37, 37, '2006-11-18 15:34:42', '2011-05-25 18:52:31');
INSERT INTO `video_bookmarks` (`id`, `user_id`, `video_id`, `created_at`, `updated_at`) VALUES (38, 38, 38, '2006-09-29 07:55:37', '2017-10-23 14:43:53');
INSERT INTO `video_bookmarks` (`id`, `user_id`, `video_id`, `created_at`, `updated_at`) VALUES (39, 39, 39, '2008-06-19 10:00:11', '2010-11-11 01:36:42');
INSERT INTO `video_bookmarks` (`id`, `user_id`, `video_id`, `created_at`, `updated_at`) VALUES (40, 40, 40, '2003-01-07 01:02:08', '2018-09-15 07:50:15');
INSERT INTO `video_bookmarks` (`id`, `user_id`, `video_id`, `created_at`, `updated_at`) VALUES (41, 41, 41, '2007-06-20 03:23:53', '2018-12-08 08:44:25');
INSERT INTO `video_bookmarks` (`id`, `user_id`, `video_id`, `created_at`, `updated_at`) VALUES (42, 42, 42, '2005-04-24 17:20:20', '2011-04-14 06:58:21');
INSERT INTO `video_bookmarks` (`id`, `user_id`, `video_id`, `created_at`, `updated_at`) VALUES (43, 43, 43, '2002-10-20 23:42:27', '2017-03-21 19:07:47');
INSERT INTO `video_bookmarks` (`id`, `user_id`, `video_id`, `created_at`, `updated_at`) VALUES (44, 44, 44, '2004-10-15 07:47:58', '2014-03-26 08:05:40');
INSERT INTO `video_bookmarks` (`id`, `user_id`, `video_id`, `created_at`, `updated_at`) VALUES (45, 45, 45, '2006-08-31 10:39:29', '2017-11-23 01:12:11');
INSERT INTO `video_bookmarks` (`id`, `user_id`, `video_id`, `created_at`, `updated_at`) VALUES (46, 46, 46, '2008-07-08 05:58:45', '2014-03-25 12:21:57');
INSERT INTO `video_bookmarks` (`id`, `user_id`, `video_id`, `created_at`, `updated_at`) VALUES (47, 47, 47, '2004-05-22 01:06:18', '2018-08-14 22:16:04');
INSERT INTO `video_bookmarks` (`id`, `user_id`, `video_id`, `created_at`, `updated_at`) VALUES (48, 48, 48, '2007-04-12 09:06:01', '2012-12-10 21:46:24');
INSERT INTO `video_bookmarks` (`id`, `user_id`, `video_id`, `created_at`, `updated_at`) VALUES (49, 49, 49, '2008-11-14 10:10:34', '2014-11-06 09:45:02');
INSERT INTO `video_bookmarks` (`id`, `user_id`, `video_id`, `created_at`, `updated_at`) VALUES (50, 50, 50, '2003-12-27 13:19:54', '2012-09-25 08:51:51');
INSERT INTO `video_bookmarks` (`id`, `user_id`, `video_id`, `created_at`, `updated_at`) VALUES (51, 51, 51, '2008-11-17 06:37:45', '2018-05-24 22:28:12');
INSERT INTO `video_bookmarks` (`id`, `user_id`, `video_id`, `created_at`, `updated_at`) VALUES (52, 52, 52, '2002-08-26 08:16:59', '2011-03-11 22:39:03');
INSERT INTO `video_bookmarks` (`id`, `user_id`, `video_id`, `created_at`, `updated_at`) VALUES (53, 53, 53, '2003-09-07 18:56:15', '2013-05-22 16:03:50');
INSERT INTO `video_bookmarks` (`id`, `user_id`, `video_id`, `created_at`, `updated_at`) VALUES (54, 54, 54, '2009-08-16 04:31:48', '2014-01-28 14:00:42');
INSERT INTO `video_bookmarks` (`id`, `user_id`, `video_id`, `created_at`, `updated_at`) VALUES (55, 55, 55, '2003-09-21 23:44:05', '2012-05-02 01:39:57');
INSERT INTO `video_bookmarks` (`id`, `user_id`, `video_id`, `created_at`, `updated_at`) VALUES (56, 56, 56, '2003-11-11 20:15:05', '2016-04-30 10:37:25');
INSERT INTO `video_bookmarks` (`id`, `user_id`, `video_id`, `created_at`, `updated_at`) VALUES (57, 57, 57, '2002-10-07 16:16:26', '2019-01-03 12:20:38');
INSERT INTO `video_bookmarks` (`id`, `user_id`, `video_id`, `created_at`, `updated_at`) VALUES (58, 58, 58, '2001-07-31 10:48:36', '2015-06-22 05:25:13');
INSERT INTO `video_bookmarks` (`id`, `user_id`, `video_id`, `created_at`, `updated_at`) VALUES (59, 59, 59, '2005-03-12 03:14:24', '2017-06-04 23:11:20');
INSERT INTO `video_bookmarks` (`id`, `user_id`, `video_id`, `created_at`, `updated_at`) VALUES (60, 60, 60, '2007-06-28 23:45:00', '2018-09-06 04:45:05');
INSERT INTO `video_bookmarks` (`id`, `user_id`, `video_id`, `created_at`, `updated_at`) VALUES (61, 61, 61, '2004-09-08 05:43:55', '2010-08-29 13:59:15');
INSERT INTO `video_bookmarks` (`id`, `user_id`, `video_id`, `created_at`, `updated_at`) VALUES (62, 62, 62, '2009-07-13 11:37:02', '2017-02-20 20:26:17');
INSERT INTO `video_bookmarks` (`id`, `user_id`, `video_id`, `created_at`, `updated_at`) VALUES (63, 63, 63, '2009-03-18 12:15:59', '2018-07-15 07:50:43');
INSERT INTO `video_bookmarks` (`id`, `user_id`, `video_id`, `created_at`, `updated_at`) VALUES (64, 64, 64, '2007-09-08 11:57:07', '2017-10-19 21:41:23');
INSERT INTO `video_bookmarks` (`id`, `user_id`, `video_id`, `created_at`, `updated_at`) VALUES (65, 65, 65, '2010-04-04 23:48:00', '2012-04-05 08:56:16');
INSERT INTO `video_bookmarks` (`id`, `user_id`, `video_id`, `created_at`, `updated_at`) VALUES (66, 66, 66, '2005-01-12 15:38:28', '2015-02-02 17:52:59');
INSERT INTO `video_bookmarks` (`id`, `user_id`, `video_id`, `created_at`, `updated_at`) VALUES (67, 67, 67, '2009-01-20 14:35:01', '2010-10-25 14:59:37');
INSERT INTO `video_bookmarks` (`id`, `user_id`, `video_id`, `created_at`, `updated_at`) VALUES (68, 68, 68, '2003-10-06 22:21:06', '2017-06-10 19:33:06');
INSERT INTO `video_bookmarks` (`id`, `user_id`, `video_id`, `created_at`, `updated_at`) VALUES (69, 69, 69, '2007-08-03 21:04:36', '2018-07-11 21:11:19');
INSERT INTO `video_bookmarks` (`id`, `user_id`, `video_id`, `created_at`, `updated_at`) VALUES (70, 70, 70, '2000-12-21 02:11:09', '2010-09-13 19:22:42');
INSERT INTO `video_bookmarks` (`id`, `user_id`, `video_id`, `created_at`, `updated_at`) VALUES (71, 71, 71, '2008-12-26 10:50:04', '2012-09-08 05:19:57');
INSERT INTO `video_bookmarks` (`id`, `user_id`, `video_id`, `created_at`, `updated_at`) VALUES (72, 72, 72, '2004-07-15 18:12:10', '2010-08-19 13:41:16');
INSERT INTO `video_bookmarks` (`id`, `user_id`, `video_id`, `created_at`, `updated_at`) VALUES (73, 73, 73, '2005-12-09 11:30:04', '2013-03-31 22:53:18');
INSERT INTO `video_bookmarks` (`id`, `user_id`, `video_id`, `created_at`, `updated_at`) VALUES (74, 74, 74, '2005-08-20 10:56:08', '2014-04-21 13:54:13');
INSERT INTO `video_bookmarks` (`id`, `user_id`, `video_id`, `created_at`, `updated_at`) VALUES (75, 75, 75, '2008-06-03 10:12:54', '2020-03-06 11:13:14');
INSERT INTO `video_bookmarks` (`id`, `user_id`, `video_id`, `created_at`, `updated_at`) VALUES (76, 76, 76, '2006-06-29 09:20:36', '2013-12-13 22:43:30');
INSERT INTO `video_bookmarks` (`id`, `user_id`, `video_id`, `created_at`, `updated_at`) VALUES (77, 77, 77, '2004-06-12 08:33:55', '2017-02-27 18:52:37');
INSERT INTO `video_bookmarks` (`id`, `user_id`, `video_id`, `created_at`, `updated_at`) VALUES (78, 78, 78, '2002-04-13 12:05:43', '2012-01-08 09:00:21');
INSERT INTO `video_bookmarks` (`id`, `user_id`, `video_id`, `created_at`, `updated_at`) VALUES (79, 79, 79, '2007-09-14 19:44:14', '2011-04-27 16:07:29');
INSERT INTO `video_bookmarks` (`id`, `user_id`, `video_id`, `created_at`, `updated_at`) VALUES (80, 80, 80, '2006-08-07 11:21:39', '2020-04-14 13:18:12');
INSERT INTO `video_bookmarks` (`id`, `user_id`, `video_id`, `created_at`, `updated_at`) VALUES (81, 81, 81, '2001-09-23 11:05:28', '2017-07-06 06:45:28');
INSERT INTO `video_bookmarks` (`id`, `user_id`, `video_id`, `created_at`, `updated_at`) VALUES (82, 82, 82, '2005-07-09 17:34:56', '2018-04-04 22:52:01');
INSERT INTO `video_bookmarks` (`id`, `user_id`, `video_id`, `created_at`, `updated_at`) VALUES (83, 83, 83, '2003-08-15 17:15:36', '2020-07-19 14:29:32');
INSERT INTO `video_bookmarks` (`id`, `user_id`, `video_id`, `created_at`, `updated_at`) VALUES (84, 84, 84, '2003-10-23 04:29:56', '2018-09-27 18:12:52');
INSERT INTO `video_bookmarks` (`id`, `user_id`, `video_id`, `created_at`, `updated_at`) VALUES (85, 85, 85, '2002-08-21 20:14:47', '2015-11-03 15:40:49');
INSERT INTO `video_bookmarks` (`id`, `user_id`, `video_id`, `created_at`, `updated_at`) VALUES (86, 86, 86, '2002-11-17 17:20:24', '2013-04-11 01:35:58');
INSERT INTO `video_bookmarks` (`id`, `user_id`, `video_id`, `created_at`, `updated_at`) VALUES (87, 87, 87, '2009-05-14 18:33:48', '2014-06-20 07:00:55');
INSERT INTO `video_bookmarks` (`id`, `user_id`, `video_id`, `created_at`, `updated_at`) VALUES (88, 88, 88, '2002-05-20 20:45:08', '2014-12-13 19:00:48');
INSERT INTO `video_bookmarks` (`id`, `user_id`, `video_id`, `created_at`, `updated_at`) VALUES (89, 89, 89, '2008-01-17 04:28:59', '2014-04-05 00:10:53');
INSERT INTO `video_bookmarks` (`id`, `user_id`, `video_id`, `created_at`, `updated_at`) VALUES (90, 90, 90, '2008-09-24 16:20:57', '2017-05-15 14:11:01');
INSERT INTO `video_bookmarks` (`id`, `user_id`, `video_id`, `created_at`, `updated_at`) VALUES (91, 91, 91, '2009-12-14 19:11:40', '2017-11-21 18:09:16');
INSERT INTO `video_bookmarks` (`id`, `user_id`, `video_id`, `created_at`, `updated_at`) VALUES (92, 92, 92, '2001-05-09 20:54:16', '2015-02-14 23:27:33');
INSERT INTO `video_bookmarks` (`id`, `user_id`, `video_id`, `created_at`, `updated_at`) VALUES (93, 93, 93, '2008-11-13 16:20:26', '2015-02-14 22:33:32');
INSERT INTO `video_bookmarks` (`id`, `user_id`, `video_id`, `created_at`, `updated_at`) VALUES (94, 94, 94, '2009-11-12 20:24:12', '2016-04-18 06:04:19');
INSERT INTO `video_bookmarks` (`id`, `user_id`, `video_id`, `created_at`, `updated_at`) VALUES (95, 95, 95, '2008-07-21 15:19:17', '2017-12-31 20:44:14');
INSERT INTO `video_bookmarks` (`id`, `user_id`, `video_id`, `created_at`, `updated_at`) VALUES (96, 96, 96, '2008-02-07 09:59:54', '2020-01-02 03:57:15');
INSERT INTO `video_bookmarks` (`id`, `user_id`, `video_id`, `created_at`, `updated_at`) VALUES (97, 97, 97, '2006-06-05 18:41:59', '2013-11-19 23:56:43');
INSERT INTO `video_bookmarks` (`id`, `user_id`, `video_id`, `created_at`, `updated_at`) VALUES (98, 98, 98, '2002-01-18 21:16:08', '2011-08-14 19:37:07');
INSERT INTO `video_bookmarks` (`id`, `user_id`, `video_id`, `created_at`, `updated_at`) VALUES (99, 99, 99, '2002-10-17 11:59:31', '2017-06-24 16:22:09');
INSERT INTO `video_bookmarks` (`id`, `user_id`, `video_id`, `created_at`, `updated_at`) VALUES (100, 100, 100, '2005-12-02 13:11:32', '2013-12-25 16:48:50');


INSERT INTO `video_comments` (`id`, `user_id`, `video_id`, `message`, `created_at`, `updated_at`) VALUES (1, 1, 1, 'Nemo aut a pariatur facere eaque. Exercitationem commodi ipsam accusamus et assumenda rerum tempore. Natus corrupti et qui vitae aut quas nesciunt. Quas tempore dolore iure. Architecto et autem non placeat dolores.', '2009-03-23 02:39:35', '2017-08-17 00:12:24');
INSERT INTO `video_comments` (`id`, `user_id`, `video_id`, `message`, `created_at`, `updated_at`) VALUES (2, 2, 2, 'Ipsa soluta et omnis aut facere et asperiores sit. Aut similique totam velit illum. Neque minus repellat ut. Similique quisquam quas ex excepturi vel est dolor.', '2002-10-13 13:44:52', '2016-11-24 11:49:57');
INSERT INTO `video_comments` (`id`, `user_id`, `video_id`, `message`, `created_at`, `updated_at`) VALUES (3, 3, 3, 'Voluptas deserunt saepe dolor. Quia sit non at quia repellat. Commodi aperiam est nisi repudiandae dolores quos nulla.', '2007-12-28 19:33:27', '2017-07-28 11:23:32');
INSERT INTO `video_comments` (`id`, `user_id`, `video_id`, `message`, `created_at`, `updated_at`) VALUES (4, 4, 4, 'Harum enim et voluptate possimus. Eaque ab quisquam et illo. Ratione quo rerum et voluptate eveniet aut odio.', '2007-02-18 09:23:00', '2014-10-17 19:11:53');
INSERT INTO `video_comments` (`id`, `user_id`, `video_id`, `message`, `created_at`, `updated_at`) VALUES (5, 5, 5, 'Velit voluptate vel minus. Sint eligendi possimus doloribus distinctio corporis perferendis et. Soluta ut dolores doloremque fuga rerum.', '2007-03-12 20:11:23', '2013-11-29 02:38:56');
INSERT INTO `video_comments` (`id`, `user_id`, `video_id`, `message`, `created_at`, `updated_at`) VALUES (6, 6, 6, 'Totam eos pariatur modi. Voluptatem suscipit excepturi ipsam quo repellat quaerat. Non officia doloremque rerum vel eos. Quidem reiciendis est ullam fuga sed officiis ut. Aut dolor quia quam necessitatibus.', '2007-12-20 12:09:28', '2019-12-25 02:38:45');
INSERT INTO `video_comments` (`id`, `user_id`, `video_id`, `message`, `created_at`, `updated_at`) VALUES (7, 7, 7, 'Sunt eos veniam praesentium vitae sed. Aut at eaque molestias sed id. Maxime culpa doloremque omnis qui. A sequi accusantium consequuntur maiores.', '2000-08-29 06:11:45', '2010-10-14 21:42:46');
INSERT INTO `video_comments` (`id`, `user_id`, `video_id`, `message`, `created_at`, `updated_at`) VALUES (8, 8, 8, 'Laboriosam aliquam eveniet quasi. Error perferendis beatae non delectus.', '2002-11-30 19:31:38', '2019-09-03 00:14:55');
INSERT INTO `video_comments` (`id`, `user_id`, `video_id`, `message`, `created_at`, `updated_at`) VALUES (9, 9, 9, 'Architecto blanditiis magnam rem harum. Sapiente maiores officia quasi pariatur veniam sequi. Sed placeat voluptatum aut est eaque. Quisquam maxime sint odio sit. Alias ut doloremque fugiat maiores.', '2000-12-24 07:19:15', '2018-07-17 10:32:25');
INSERT INTO `video_comments` (`id`, `user_id`, `video_id`, `message`, `created_at`, `updated_at`) VALUES (10, 10, 10, 'Dolor impedit in quam. Aut repellat quae harum velit laboriosam. Aliquam unde provident nulla commodi et non laboriosam. Nulla consequatur aliquid eaque ut.', '2004-10-05 21:09:08', '2011-07-14 03:57:00');
INSERT INTO `video_comments` (`id`, `user_id`, `video_id`, `message`, `created_at`, `updated_at`) VALUES (11, 11, 11, 'Rem perferendis sed est ut ipsa excepturi error dolor. Saepe quaerat provident possimus tempora sit inventore. Et fugit sapiente inventore. Et et quod est porro.', '2010-01-28 22:47:41', '2012-07-20 10:20:13');
INSERT INTO `video_comments` (`id`, `user_id`, `video_id`, `message`, `created_at`, `updated_at`) VALUES (12, 12, 12, 'Quae impedit dicta incidunt et sint doloribus. Voluptatem magnam eaque magni mollitia et. Ratione non dolorum in nemo et dolorem.', '2008-01-31 20:26:05', '2020-05-23 17:08:13');
INSERT INTO `video_comments` (`id`, `user_id`, `video_id`, `message`, `created_at`, `updated_at`) VALUES (13, 13, 13, 'Vitae sit eius est eos aliquid illo. Qui error facere blanditiis assumenda ut ut. Veritatis libero in aut est neque.', '2009-05-28 06:18:05', '2015-04-08 11:22:09');
INSERT INTO `video_comments` (`id`, `user_id`, `video_id`, `message`, `created_at`, `updated_at`) VALUES (14, 14, 14, 'At praesentium recusandae explicabo illum. Accusantium nulla aperiam molestiae nostrum maiores voluptatibus doloremque. Eius quia error occaecati eaque.', '2008-07-12 18:42:19', '2012-03-12 18:29:55');
INSERT INTO `video_comments` (`id`, `user_id`, `video_id`, `message`, `created_at`, `updated_at`) VALUES (15, 15, 15, 'Perspiciatis alias facere est veniam. Quia ea laudantium maiores in et aut.', '2005-05-27 21:47:32', '2014-06-09 01:58:15');
INSERT INTO `video_comments` (`id`, `user_id`, `video_id`, `message`, `created_at`, `updated_at`) VALUES (16, 16, 16, 'Fuga magnam accusamus culpa est quod. Incidunt adipisci laborum a culpa. Nostrum ut sapiente laboriosam ea voluptatibus dolorem in. Vel aperiam voluptas earum voluptatum aut porro aspernatur aut.', '2001-04-12 20:12:40', '2018-01-21 02:14:03');
INSERT INTO `video_comments` (`id`, `user_id`, `video_id`, `message`, `created_at`, `updated_at`) VALUES (17, 17, 17, 'Quibusdam quam beatae velit porro. Est quidem eos temporibus praesentium voluptatem voluptatum dolor non. Quo nesciunt ipsam beatae dolores voluptatem tempora.', '2003-06-30 06:45:55', '2013-08-12 20:08:51');
INSERT INTO `video_comments` (`id`, `user_id`, `video_id`, `message`, `created_at`, `updated_at`) VALUES (18, 18, 18, 'Eligendi ut saepe cumque ipsam corporis adipisci. In corporis porro optio porro illum quia qui. Ipsam hic dolor rerum eum beatae autem. Sit et magni non sint perferendis.', '2001-03-16 07:15:38', '2018-12-19 15:45:54');
INSERT INTO `video_comments` (`id`, `user_id`, `video_id`, `message`, `created_at`, `updated_at`) VALUES (19, 19, 19, 'Ea ducimus eos autem laboriosam eaque sit amet ut. Ipsum enim laborum quis rerum. Et non doloremque sequi. Natus consequuntur et corrupti ipsa aspernatur dignissimos.', '2003-02-25 04:15:42', '2017-04-22 15:57:02');
INSERT INTO `video_comments` (`id`, `user_id`, `video_id`, `message`, `created_at`, `updated_at`) VALUES (20, 20, 20, 'Est perspiciatis ullam eum sunt nihil ipsa doloremque. Recusandae incidunt doloremque adipisci. Nostrum qui nemo ea cumque. Est harum quaerat suscipit et.', '2000-08-17 11:37:37', '2016-08-25 19:58:31');
INSERT INTO `video_comments` (`id`, `user_id`, `video_id`, `message`, `created_at`, `updated_at`) VALUES (21, 21, 21, 'Fuga at provident quia nesciunt doloribus et nulla. Mollitia aspernatur et et illo. Sint repudiandae porro ducimus aut aut quis ratione corrupti.', '2004-05-05 16:54:26', '2012-09-21 21:01:43');
INSERT INTO `video_comments` (`id`, `user_id`, `video_id`, `message`, `created_at`, `updated_at`) VALUES (22, 22, 22, 'Quod consequuntur quia rem sunt quia. Aut impedit accusamus delectus porro. Perspiciatis et nihil qui illum eos odit est et. Veniam voluptatem nostrum enim dolor architecto.', '2002-11-05 10:31:28', '2014-05-14 22:55:26');
INSERT INTO `video_comments` (`id`, `user_id`, `video_id`, `message`, `created_at`, `updated_at`) VALUES (23, 23, 23, 'Officia natus sit enim adipisci. Perferendis voluptatem et tenetur nulla quaerat odio repudiandae. Aspernatur ut ullam quo dolores.', '2007-11-09 07:49:23', '2017-05-29 16:45:33');
INSERT INTO `video_comments` (`id`, `user_id`, `video_id`, `message`, `created_at`, `updated_at`) VALUES (24, 24, 24, 'Rerum autem aperiam non aliquam molestiae. Quia a dignissimos unde quidem. Hic et voluptatem doloremque ullam sit sequi. Iste tempore deleniti nobis voluptates vero reiciendis. Est consequuntur distinctio consequatur voluptas dignissimos illum.', '2002-12-13 10:45:52', '2017-08-09 02:42:10');
INSERT INTO `video_comments` (`id`, `user_id`, `video_id`, `message`, `created_at`, `updated_at`) VALUES (25, 25, 25, 'Omnis non consequuntur quia ab corrupti cumque nostrum velit. Amet dolor odio iste facere cumque autem. Facilis at aut ullam necessitatibus voluptatem aut.', '2006-01-28 21:58:27', '2013-10-27 14:14:44');
INSERT INTO `video_comments` (`id`, `user_id`, `video_id`, `message`, `created_at`, `updated_at`) VALUES (26, 26, 26, 'Beatae esse eos tempore reprehenderit. Et rem laudantium sit. Qui repellat recusandae velit necessitatibus sed.', '2008-09-04 07:47:40', '2019-06-10 23:09:58');
INSERT INTO `video_comments` (`id`, `user_id`, `video_id`, `message`, `created_at`, `updated_at`) VALUES (27, 27, 27, 'Est omnis in et in repellat molestiae. Ut soluta hic sed quaerat aut animi.', '2004-03-02 04:35:19', '2020-07-04 04:04:33');
INSERT INTO `video_comments` (`id`, `user_id`, `video_id`, `message`, `created_at`, `updated_at`) VALUES (28, 28, 28, 'Ipsa occaecati voluptatibus velit aspernatur. Sunt unde veritatis sit ut. Amet nobis officiis iste incidunt quidem tempora animi.', '2009-12-14 06:56:13', '2013-12-06 03:15:44');
INSERT INTO `video_comments` (`id`, `user_id`, `video_id`, `message`, `created_at`, `updated_at`) VALUES (29, 29, 29, 'Vero et blanditiis praesentium quasi consequatur. In ratione et nemo dolorum voluptatem dignissimos.', '2009-09-23 00:07:38', '2014-12-22 10:56:28');
INSERT INTO `video_comments` (`id`, `user_id`, `video_id`, `message`, `created_at`, `updated_at`) VALUES (30, 30, 30, 'Voluptas iusto non qui veritatis est culpa. Unde et possimus consectetur ut. Nisi in nemo eligendi ea illum.', '2010-03-03 11:36:49', '2013-12-30 03:33:31');
INSERT INTO `video_comments` (`id`, `user_id`, `video_id`, `message`, `created_at`, `updated_at`) VALUES (31, 31, 31, 'Sit adipisci rerum tenetur. Tenetur labore facilis voluptate. Placeat sed sint temporibus. Sed facilis explicabo voluptates natus.', '2008-05-31 17:54:46', '2012-04-02 10:57:39');
INSERT INTO `video_comments` (`id`, `user_id`, `video_id`, `message`, `created_at`, `updated_at`) VALUES (32, 32, 32, 'Assumenda excepturi ex nulla possimus saepe consequatur impedit. Quo consequatur sunt qui ipsa pariatur atque. Recusandae aut id ut ut.', '2005-08-09 09:33:04', '2011-02-11 19:44:06');
INSERT INTO `video_comments` (`id`, `user_id`, `video_id`, `message`, `created_at`, `updated_at`) VALUES (33, 33, 33, 'Facere dolores voluptatibus sint possimus. Quos quod non esse ea. Molestiae nam deserunt quaerat excepturi ipsam unde vel dolor. Ut doloribus nam velit omnis vel.', '2009-11-24 23:17:30', '2012-07-17 17:57:43');
INSERT INTO `video_comments` (`id`, `user_id`, `video_id`, `message`, `created_at`, `updated_at`) VALUES (34, 34, 34, 'Enim eius rerum vel animi aut sed nihil voluptas. Quis cum quasi velit atque totam autem expedita. Et labore consequatur laborum iure tenetur rerum veritatis. Rerum sunt ea culpa blanditiis.', '2005-06-14 09:37:37', '2014-10-23 23:48:33');
INSERT INTO `video_comments` (`id`, `user_id`, `video_id`, `message`, `created_at`, `updated_at`) VALUES (35, 35, 35, 'Cupiditate quaerat quia eos doloremque aut tempora. Officia magni excepturi aspernatur eveniet pariatur.', '2007-10-06 03:25:58', '2017-05-30 06:01:51');
INSERT INTO `video_comments` (`id`, `user_id`, `video_id`, `message`, `created_at`, `updated_at`) VALUES (36, 36, 36, 'Nemo sed rerum provident iste. Nam quae qui aut. Quo incidunt id occaecati modi. Eum voluptas et facere ut enim sunt ut.', '2003-03-23 20:46:54', '2012-07-22 16:35:07');
INSERT INTO `video_comments` (`id`, `user_id`, `video_id`, `message`, `created_at`, `updated_at`) VALUES (37, 37, 37, 'Unde aspernatur ab aspernatur illo et qui. Culpa porro sint voluptatem. Illum architecto laboriosam dolorem pariatur vel vel.', '2005-10-03 12:49:43', '2019-04-13 00:38:33');
INSERT INTO `video_comments` (`id`, `user_id`, `video_id`, `message`, `created_at`, `updated_at`) VALUES (38, 38, 38, 'Quia doloribus quisquam ducimus consequatur sit quia eos eum. Voluptatem cumque voluptas aut aspernatur. Pariatur atque magnam iusto est dolores quis.', '2009-09-06 01:01:05', '2015-12-11 01:23:06');
INSERT INTO `video_comments` (`id`, `user_id`, `video_id`, `message`, `created_at`, `updated_at`) VALUES (39, 39, 39, 'Est esse atque quis nisi quis ut labore. Voluptatibus dolorem odit est consectetur molestias officia. Quisquam dolorem optio rerum sit. Rem aut est itaque sit accusantium deleniti.', '2009-08-22 11:48:24', '2013-04-18 07:13:41');
INSERT INTO `video_comments` (`id`, `user_id`, `video_id`, `message`, `created_at`, `updated_at`) VALUES (40, 40, 40, 'Et nihil ea sed ullam. Deserunt pariatur iste repellendus et officia. Voluptas quae et labore labore culpa molestiae asperiores. Maxime hic est quia omnis deserunt saepe.', '2005-02-16 09:20:08', '2016-09-05 00:51:29');
INSERT INTO `video_comments` (`id`, `user_id`, `video_id`, `message`, `created_at`, `updated_at`) VALUES (41, 41, 41, 'Tempora est illum aperiam et animi. Voluptatem quasi qui occaecati vel. Provident voluptatibus repellat cupiditate quia hic.', '2003-10-06 06:22:49', '2013-09-28 23:23:50');
INSERT INTO `video_comments` (`id`, `user_id`, `video_id`, `message`, `created_at`, `updated_at`) VALUES (42, 42, 42, 'Dolor qui qui et magni. Aperiam rerum totam voluptas ab consequuntur quis iusto. Dicta et commodi minus nihil.', '2003-03-18 11:24:11', '2017-02-27 23:29:40');
INSERT INTO `video_comments` (`id`, `user_id`, `video_id`, `message`, `created_at`, `updated_at`) VALUES (43, 43, 43, 'Recusandae incidunt a ratione soluta a hic quis. Sed commodi sequi dolorem at tenetur asperiores ullam. Labore quibusdam numquam aut distinctio aliquid. Rerum ut quia voluptatem sit inventore sed est.', '2008-05-19 15:52:23', '2017-06-02 04:27:10');
INSERT INTO `video_comments` (`id`, `user_id`, `video_id`, `message`, `created_at`, `updated_at`) VALUES (44, 44, 44, 'Ea provident itaque vel. Cumque sit atque ducimus veritatis sit consequatur quibusdam. Inventore itaque consectetur quo autem dolore officia quae.', '2008-03-14 14:18:04', '2016-10-11 18:56:18');
INSERT INTO `video_comments` (`id`, `user_id`, `video_id`, `message`, `created_at`, `updated_at`) VALUES (45, 45, 45, 'Ab harum ut officiis eius similique nihil. Rerum omnis cumque deleniti autem odit ut quam esse. Ad corporis magni iure maxime magnam sed vero.', '2003-12-14 07:16:23', '2011-12-25 03:09:25');
INSERT INTO `video_comments` (`id`, `user_id`, `video_id`, `message`, `created_at`, `updated_at`) VALUES (46, 46, 46, 'Ut laborum voluptas nemo nihil quo aut et. Nihil in odit sunt aliquam.', '2005-04-05 18:06:51', '2019-05-21 21:58:25');
INSERT INTO `video_comments` (`id`, `user_id`, `video_id`, `message`, `created_at`, `updated_at`) VALUES (47, 47, 47, 'Et hic omnis quam quisquam provident. In cupiditate quos quia minima odit. Voluptatem magni iure aliquam.', '2007-11-07 15:46:10', '2012-03-26 10:50:37');
INSERT INTO `video_comments` (`id`, `user_id`, `video_id`, `message`, `created_at`, `updated_at`) VALUES (48, 48, 48, 'Labore aut voluptas dolor id repudiandae. Expedita dolorem quibusdam illum. In aspernatur labore similique incidunt. Aliquam vero ut numquam nihil saepe laboriosam.', '2003-04-16 18:03:31', '2014-02-26 02:35:03');
INSERT INTO `video_comments` (`id`, `user_id`, `video_id`, `message`, `created_at`, `updated_at`) VALUES (49, 49, 49, 'Corporis est aut est totam. Earum voluptatibus molestias consectetur accusamus exercitationem eligendi odio. Hic reprehenderit expedita hic.', '2010-01-12 04:26:53', '2012-06-30 07:57:31');
INSERT INTO `video_comments` (`id`, `user_id`, `video_id`, `message`, `created_at`, `updated_at`) VALUES (50, 50, 50, 'Atque vel expedita aspernatur corrupti aut. Ea odio non voluptas officiis iusto. Adipisci eligendi est minima et ut unde aut. Voluptas rerum harum tempora sit facilis.', '2006-11-01 17:20:58', '2014-12-12 02:48:53');
INSERT INTO `video_comments` (`id`, `user_id`, `video_id`, `message`, `created_at`, `updated_at`) VALUES (51, 51, 51, 'Sit inventore quia et molestiae optio id. Eius asperiores omnis corporis magnam itaque.', '2000-09-15 18:37:25', '2011-09-10 19:06:47');
INSERT INTO `video_comments` (`id`, `user_id`, `video_id`, `message`, `created_at`, `updated_at`) VALUES (52, 52, 52, 'Possimus ut natus sunt repudiandae accusamus odit incidunt. Nihil velit possimus est aut veniam voluptate. Labore et rerum ut animi consequatur in. Perspiciatis itaque architecto rem molestias.', '2008-04-14 12:18:33', '2011-05-12 20:21:10');
INSERT INTO `video_comments` (`id`, `user_id`, `video_id`, `message`, `created_at`, `updated_at`) VALUES (53, 53, 53, 'Architecto nihil unde nam repellat temporibus quo. Quae eaque dolores optio consequatur commodi illum distinctio alias. Quibusdam maxime quas non aspernatur. Earum distinctio nam ratione nobis quas nihil.', '2006-11-28 19:44:49', '2015-05-08 17:53:09');
INSERT INTO `video_comments` (`id`, `user_id`, `video_id`, `message`, `created_at`, `updated_at`) VALUES (54, 54, 54, 'Quasi explicabo aut quibusdam rerum. Sit a et sit.', '2007-01-25 17:13:57', '2010-12-08 08:00:45');
INSERT INTO `video_comments` (`id`, `user_id`, `video_id`, `message`, `created_at`, `updated_at`) VALUES (55, 55, 55, 'Molestiae veritatis aliquid corrupti quidem est quos. Voluptatum accusamus illum itaque sit. Harum ipsum nobis exercitationem et suscipit. Sapiente sunt et explicabo.', '2003-11-09 10:40:37', '2013-03-02 16:32:15');
INSERT INTO `video_comments` (`id`, `user_id`, `video_id`, `message`, `created_at`, `updated_at`) VALUES (56, 56, 56, 'Esse omnis odio vel. Temporibus vel et ut possimus. Necessitatibus cupiditate non amet aut.', '2000-11-21 12:12:21', '2019-09-27 18:49:34');
INSERT INTO `video_comments` (`id`, `user_id`, `video_id`, `message`, `created_at`, `updated_at`) VALUES (57, 57, 57, 'Labore maiores sed consequuntur culpa voluptatem. Provident officiis sunt quidem. Eum impedit quia est amet.', '2009-09-10 15:03:42', '2018-05-24 15:06:40');
INSERT INTO `video_comments` (`id`, `user_id`, `video_id`, `message`, `created_at`, `updated_at`) VALUES (58, 58, 58, 'Debitis voluptas magnam eum debitis temporibus. Aliquid est modi vel perferendis non doloribus. Vel quia ex tempore dolor.', '2009-12-23 12:14:14', '2018-12-09 22:46:33');
INSERT INTO `video_comments` (`id`, `user_id`, `video_id`, `message`, `created_at`, `updated_at`) VALUES (59, 59, 59, 'Delectus quibusdam magnam ut eius modi expedita. Accusamus officia similique ut iusto enim molestias.', '2000-10-08 07:44:03', '2011-06-14 20:21:50');
INSERT INTO `video_comments` (`id`, `user_id`, `video_id`, `message`, `created_at`, `updated_at`) VALUES (60, 60, 60, 'Ullam necessitatibus eligendi ducimus et cupiditate. Tempora consequatur minima distinctio qui qui. Voluptatem in rem est facere hic.', '2008-11-09 15:20:27', '2017-09-30 23:06:35');
INSERT INTO `video_comments` (`id`, `user_id`, `video_id`, `message`, `created_at`, `updated_at`) VALUES (61, 61, 61, 'Soluta est unde porro. Aut veritatis sit laudantium voluptas consequatur quod rem. Asperiores quae et suscipit quis perspiciatis quod.', '2004-12-30 22:19:54', '2016-02-04 01:13:52');
INSERT INTO `video_comments` (`id`, `user_id`, `video_id`, `message`, `created_at`, `updated_at`) VALUES (62, 62, 62, 'Ut numquam corrupti libero recusandae officiis eos enim sit. Accusantium id sed id placeat et culpa magnam autem. Voluptatibus tempore ipsam ducimus omnis rerum. Corrupti aut sunt optio atque suscipit et eum.', '2008-10-29 05:46:54', '2014-11-13 23:27:29');
INSERT INTO `video_comments` (`id`, `user_id`, `video_id`, `message`, `created_at`, `updated_at`) VALUES (63, 63, 63, 'Possimus occaecati est quos maiores necessitatibus quidem. Quidem nemo in temporibus eum.', '2008-08-17 23:23:41', '2015-04-17 04:10:25');
INSERT INTO `video_comments` (`id`, `user_id`, `video_id`, `message`, `created_at`, `updated_at`) VALUES (64, 64, 64, 'Debitis neque velit provident rerum unde saepe. Dignissimos fugit ea fugiat et quidem ex et. Officia tempore delectus in.', '2000-12-25 23:04:54', '2010-11-10 07:17:57');
INSERT INTO `video_comments` (`id`, `user_id`, `video_id`, `message`, `created_at`, `updated_at`) VALUES (65, 65, 65, 'At qui eum accusantium cumque molestias officiis alias. Cum quam aut est iste reiciendis. In excepturi iste porro quidem qui suscipit.', '2004-01-17 11:44:59', '2019-04-07 02:29:43');
INSERT INTO `video_comments` (`id`, `user_id`, `video_id`, `message`, `created_at`, `updated_at`) VALUES (66, 66, 66, 'Eaque quasi quam a dolor repellat quod. Dolor eum architecto dolor natus ut repellat. Eveniet magnam dignissimos dolores dolorem sint. Illo ut natus officia excepturi. Ullam ut debitis nam velit ratione.', '2000-12-15 16:04:43', '2018-03-19 03:58:44');
INSERT INTO `video_comments` (`id`, `user_id`, `video_id`, `message`, `created_at`, `updated_at`) VALUES (67, 67, 67, 'Delectus itaque maxime repellat sequi. Debitis labore a culpa ab veniam repudiandae et. Quo vel ullam maiores voluptatem velit.', '2003-03-30 22:09:04', '2017-09-03 13:46:10');
INSERT INTO `video_comments` (`id`, `user_id`, `video_id`, `message`, `created_at`, `updated_at`) VALUES (68, 68, 68, 'Atque et impedit enim rerum et dolor et. Fugit neque nulla dolorum consequatur. Porro sed explicabo ut eum maxime et.', '2009-06-28 02:24:11', '2014-11-11 05:06:49');
INSERT INTO `video_comments` (`id`, `user_id`, `video_id`, `message`, `created_at`, `updated_at`) VALUES (69, 69, 69, 'Ut veritatis sint odit voluptatem ea deleniti. Et nesciunt voluptates architecto ut harum dolores aspernatur. Qui illum totam vitae vitae hic ut cum sed.', '2004-05-05 04:29:38', '2018-04-20 09:25:25');
INSERT INTO `video_comments` (`id`, `user_id`, `video_id`, `message`, `created_at`, `updated_at`) VALUES (70, 70, 70, 'Laborum incidunt autem voluptates et ut. At eius possimus sint consequatur voluptatem. Quia aut quos earum et.', '2009-11-05 11:43:02', '2016-02-22 12:53:37');
INSERT INTO `video_comments` (`id`, `user_id`, `video_id`, `message`, `created_at`, `updated_at`) VALUES (71, 71, 71, 'Dolore numquam necessitatibus eos. Doloremque omnis ut delectus et culpa voluptatem qui. Qui aut sed magnam eligendi vitae quia.', '2004-09-03 07:01:51', '2018-03-23 12:08:44');
INSERT INTO `video_comments` (`id`, `user_id`, `video_id`, `message`, `created_at`, `updated_at`) VALUES (72, 72, 72, 'Corporis rerum amet odio aut quia. Ut dolor quaerat at quaerat excepturi accusamus. Id non sint sit voluptates non perferendis voluptatum aut.', '2009-05-01 11:47:14', '2012-03-16 14:00:19');
INSERT INTO `video_comments` (`id`, `user_id`, `video_id`, `message`, `created_at`, `updated_at`) VALUES (73, 73, 73, 'Iure cum explicabo quis quaerat optio ut. Repudiandae exercitationem magni et ad libero qui. Ut adipisci eum minima consectetur ex nisi.', '2007-12-10 05:26:14', '2018-02-11 04:08:51');
INSERT INTO `video_comments` (`id`, `user_id`, `video_id`, `message`, `created_at`, `updated_at`) VALUES (74, 74, 74, 'Autem alias nostrum nemo ut. Fugit debitis fugiat sint autem eum unde. Dignissimos et sint beatae illum qui necessitatibus nam veritatis. Ut aliquid magnam et sed itaque.', '2003-05-18 22:19:19', '2017-12-02 01:20:44');
INSERT INTO `video_comments` (`id`, `user_id`, `video_id`, `message`, `created_at`, `updated_at`) VALUES (75, 75, 75, 'Veniam similique alias numquam nam eum. Aut id minima ullam harum dicta. Molestiae totam alias necessitatibus dolorum hic officia ipsum. Veniam odit vel maiores voluptatibus dolores ipsa facilis.', '2006-12-11 19:20:33', '2018-10-15 14:50:56');
INSERT INTO `video_comments` (`id`, `user_id`, `video_id`, `message`, `created_at`, `updated_at`) VALUES (76, 76, 76, 'Velit et doloremque exercitationem minus sequi. Ut quasi voluptatibus facilis. Necessitatibus deserunt officiis omnis expedita. Molestiae eaque accusantium dolores et voluptas itaque. Aperiam labore repellendus voluptas ullam sequi repellat nesciunt consectetur.', '2005-04-09 00:13:22', '2020-03-08 08:21:55');
INSERT INTO `video_comments` (`id`, `user_id`, `video_id`, `message`, `created_at`, `updated_at`) VALUES (77, 77, 77, 'Atque molestiae modi eveniet quia vero inventore exercitationem maiores. Architecto necessitatibus voluptatum aut dolor eaque. Exercitationem molestias eligendi odit dolor. Voluptas sint optio aut fugiat harum velit nihil.', '2008-10-02 09:45:52', '2012-09-02 11:49:48');
INSERT INTO `video_comments` (`id`, `user_id`, `video_id`, `message`, `created_at`, `updated_at`) VALUES (78, 78, 78, 'Nobis possimus quis ut. Tempore deleniti quia laboriosam quod placeat non quis quia. Rerum aliquid ut facere laboriosam.', '2009-06-10 23:00:23', '2011-12-02 10:44:27');
INSERT INTO `video_comments` (`id`, `user_id`, `video_id`, `message`, `created_at`, `updated_at`) VALUES (79, 79, 79, 'Debitis consequuntur sit nostrum ea expedita neque tempora. Suscipit distinctio atque vel commodi accusamus quam. Voluptatibus error ut in voluptatibus. Molestiae dolor quo sunt ex debitis.', '2004-04-22 11:04:25', '2010-12-22 02:19:28');
INSERT INTO `video_comments` (`id`, `user_id`, `video_id`, `message`, `created_at`, `updated_at`) VALUES (80, 80, 80, 'Quia reprehenderit saepe quia dolorum. Et voluptatem sit tempore enim tempore consequatur. Autem delectus voluptatem numquam. Tempora dicta aut adipisci earum doloremque. Voluptatem suscipit temporibus harum veritatis.', '2006-06-25 18:13:20', '2016-11-20 11:06:55');
INSERT INTO `video_comments` (`id`, `user_id`, `video_id`, `message`, `created_at`, `updated_at`) VALUES (81, 81, 81, 'Optio expedita ab qui quam in. Repellat harum ut odio necessitatibus deleniti expedita.', '2005-07-26 00:56:44', '2018-11-20 16:59:45');
INSERT INTO `video_comments` (`id`, `user_id`, `video_id`, `message`, `created_at`, `updated_at`) VALUES (82, 82, 82, 'Nesciunt omnis vel ut qui. Provident enim delectus et eum.', '2003-12-22 02:22:53', '2020-04-08 01:31:11');
INSERT INTO `video_comments` (`id`, `user_id`, `video_id`, `message`, `created_at`, `updated_at`) VALUES (83, 83, 83, 'Aut asperiores incidunt velit esse eos. Omnis id vero vel. Aliquam impedit odio tenetur numquam omnis ut officiis hic.', '2008-12-17 03:41:23', '2017-02-15 16:49:40');
INSERT INTO `video_comments` (`id`, `user_id`, `video_id`, `message`, `created_at`, `updated_at`) VALUES (84, 84, 84, 'Et velit libero eos qui. Tenetur iure quis sed in. Id autem ut iure eligendi rerum ea quo. Qui iste labore et.', '2005-07-19 02:37:48', '2015-04-13 00:15:55');
INSERT INTO `video_comments` (`id`, `user_id`, `video_id`, `message`, `created_at`, `updated_at`) VALUES (85, 85, 85, 'Ipsam aut dolorum quisquam. Dolor nesciunt corrupti rerum illo voluptatem quos rerum. Incidunt sequi quos similique vero itaque vel sit cum. Culpa unde et assumenda ducimus sed voluptas sed.', '2004-12-18 01:57:26', '2013-08-14 00:31:03');
INSERT INTO `video_comments` (`id`, `user_id`, `video_id`, `message`, `created_at`, `updated_at`) VALUES (86, 86, 86, 'Tempore alias iusto dolores earum. Ad inventore enim a suscipit. Cumque eius eos eius aut blanditiis non qui. Eaque quas aut placeat similique beatae. Earum neque consequatur molestiae possimus in excepturi dolores.', '2010-04-21 17:49:52', '2011-09-04 20:42:37');
INSERT INTO `video_comments` (`id`, `user_id`, `video_id`, `message`, `created_at`, `updated_at`) VALUES (87, 87, 87, 'Qui doloribus perferendis et dolores velit. Ipsa quaerat ut est velit.', '2001-02-02 18:20:39', '2017-07-23 01:54:52');
INSERT INTO `video_comments` (`id`, `user_id`, `video_id`, `message`, `created_at`, `updated_at`) VALUES (88, 88, 88, 'Sint nisi eos est aut. Iure vero qui id. Minus quia non quia ratione asperiores pariatur atque nulla. Ipsa officia debitis voluptate dolorum repudiandae molestiae.', '2005-03-05 03:44:38', '2020-04-13 17:32:42');
INSERT INTO `video_comments` (`id`, `user_id`, `video_id`, `message`, `created_at`, `updated_at`) VALUES (89, 89, 89, 'Reiciendis asperiores eum veritatis autem dolorum non ut. Voluptatibus aut molestiae vitae veritatis laborum aut.', '2007-11-04 20:35:20', '2018-10-08 18:00:24');
INSERT INTO `video_comments` (`id`, `user_id`, `video_id`, `message`, `created_at`, `updated_at`) VALUES (90, 90, 90, 'Voluptate fuga laudantium sed maxime aperiam quam. Cumque facilis saepe et voluptatem. Voluptatem non itaque consequuntur quis et error reiciendis.', '2004-09-25 17:39:24', '2019-07-07 18:25:33');
INSERT INTO `video_comments` (`id`, `user_id`, `video_id`, `message`, `created_at`, `updated_at`) VALUES (91, 91, 91, 'Nemo velit eveniet animi. Sint perferendis saepe magni quaerat. Eligendi sed sint incidunt.', '2003-12-24 04:17:43', '2014-11-17 01:15:28');
INSERT INTO `video_comments` (`id`, `user_id`, `video_id`, `message`, `created_at`, `updated_at`) VALUES (92, 92, 92, 'Cum exercitationem neque ut est voluptatem. Aut deleniti et laudantium esse dignissimos deserunt. Eos sequi dolorum rerum harum inventore odit consectetur voluptas. Iusto minima expedita esse expedita. Numquam omnis rerum ab expedita esse.', '2001-09-08 18:09:46', '2018-06-30 12:37:03');
INSERT INTO `video_comments` (`id`, `user_id`, `video_id`, `message`, `created_at`, `updated_at`) VALUES (93, 93, 93, 'Recusandae sapiente ab sit quis quis. Maxime sapiente molestiae fuga quia quos pariatur.', '2007-09-01 23:24:44', '2013-08-21 11:53:35');
INSERT INTO `video_comments` (`id`, `user_id`, `video_id`, `message`, `created_at`, `updated_at`) VALUES (94, 94, 94, 'Fuga debitis quasi dolores corrupti sit dolorem dolore quo. Perspiciatis esse consectetur labore necessitatibus provident. Dolor et voluptatem esse non et officia quo. Earum ad et doloribus cum voluptates eos.', '2004-08-05 12:22:42', '2011-03-06 17:24:11');
INSERT INTO `video_comments` (`id`, `user_id`, `video_id`, `message`, `created_at`, `updated_at`) VALUES (95, 95, 95, 'Eum possimus accusantium provident cumque. Hic velit aut dicta alias saepe. Et est eveniet nobis nihil tempora rerum unde. Aut quia sed veniam excepturi aut enim et.', '2004-09-30 07:31:15', '2017-10-06 20:59:39');
INSERT INTO `video_comments` (`id`, `user_id`, `video_id`, `message`, `created_at`, `updated_at`) VALUES (96, 96, 96, 'Placeat reprehenderit sit nam modi id placeat et. Eius consectetur eius unde qui voluptas quod qui voluptatem. Aut consequatur harum magnam aut. Provident enim ut sit qui.', '2005-10-22 10:01:37', '2014-07-04 22:41:57');
INSERT INTO `video_comments` (`id`, `user_id`, `video_id`, `message`, `created_at`, `updated_at`) VALUES (97, 97, 97, 'Et corporis repudiandae vero. Pariatur ad suscipit velit eos accusantium aliquid alias id. Aspernatur sed non qui. Eligendi voluptate hic dolore quisquam minus aut placeat. Sit nihil minus nesciunt consectetur qui omnis ut.', '2006-03-08 04:16:33', '2014-11-14 08:30:20');
INSERT INTO `video_comments` (`id`, `user_id`, `video_id`, `message`, `created_at`, `updated_at`) VALUES (98, 98, 98, 'Autem et eveniet fugiat minus explicabo itaque a. Magnam corrupti officiis magni similique quod laboriosam. Error dolorum aut et rem.', '2004-06-04 12:07:32', '2015-05-06 19:27:56');
INSERT INTO `video_comments` (`id`, `user_id`, `video_id`, `message`, `created_at`, `updated_at`) VALUES (99, 99, 99, 'Maxime amet saepe et non voluptas. Ut qui vel qui. Quidem qui est distinctio fugit amet et. Cum non aliquam consequatur velit omnis. Et repellat qui nemo.', '2001-03-25 09:08:47', '2013-11-16 00:06:16');
INSERT INTO `video_comments` (`id`, `user_id`, `video_id`, `message`, `created_at`, `updated_at`) VALUES (100, 100, 100, 'Dolor autem fuga debitis asperiores quae nihil. Facilis tempore sit temporibus sunt cum et eaque. Quia culpa quod molestias ut vitae. Aut et error inventore optio illo quidem.', '2002-05-02 09:16:16', '2015-07-26 19:41:32');



INSERT INTO `video_likes` (`id`, `user_id`, `video_id`, `created_at`, `updated_at`) VALUES (1, 1, 1, '2001-01-07 18:14:26', '2019-04-30 15:33:14');
INSERT INTO `video_likes` (`id`, `user_id`, `video_id`, `created_at`, `updated_at`) VALUES (2, 2, 2, '2008-07-12 08:01:48', '2016-10-21 04:06:29');
INSERT INTO `video_likes` (`id`, `user_id`, `video_id`, `created_at`, `updated_at`) VALUES (3, 3, 3, '2003-05-03 08:24:36', '2015-07-01 19:02:37');
INSERT INTO `video_likes` (`id`, `user_id`, `video_id`, `created_at`, `updated_at`) VALUES (4, 4, 4, '2004-06-16 08:05:11', '2011-08-03 09:10:33');
INSERT INTO `video_likes` (`id`, `user_id`, `video_id`, `created_at`, `updated_at`) VALUES (5, 5, 5, '2006-06-02 03:37:04', '2020-06-12 20:48:11');
INSERT INTO `video_likes` (`id`, `user_id`, `video_id`, `created_at`, `updated_at`) VALUES (6, 6, 6, '2002-04-13 21:46:22', '2017-11-05 08:17:52');
INSERT INTO `video_likes` (`id`, `user_id`, `video_id`, `created_at`, `updated_at`) VALUES (7, 7, 7, '2006-12-24 06:42:00', '2015-10-03 18:29:05');
INSERT INTO `video_likes` (`id`, `user_id`, `video_id`, `created_at`, `updated_at`) VALUES (8, 8, 8, '2004-07-26 07:58:11', '2013-05-01 13:33:30');
INSERT INTO `video_likes` (`id`, `user_id`, `video_id`, `created_at`, `updated_at`) VALUES (9, 9, 9, '2004-03-05 21:12:07', '2014-02-24 17:39:17');
INSERT INTO `video_likes` (`id`, `user_id`, `video_id`, `created_at`, `updated_at`) VALUES (10, 10, 10, '2004-03-14 15:48:10', '2011-12-05 22:40:11');
INSERT INTO `video_likes` (`id`, `user_id`, `video_id`, `created_at`, `updated_at`) VALUES (11, 11, 11, '2008-09-08 16:26:57', '2017-06-05 16:47:13');
INSERT INTO `video_likes` (`id`, `user_id`, `video_id`, `created_at`, `updated_at`) VALUES (12, 12, 12, '2002-12-26 05:02:40', '2018-12-24 01:41:54');
INSERT INTO `video_likes` (`id`, `user_id`, `video_id`, `created_at`, `updated_at`) VALUES (13, 13, 13, '2005-03-04 09:09:23', '2014-09-13 03:41:59');
INSERT INTO `video_likes` (`id`, `user_id`, `video_id`, `created_at`, `updated_at`) VALUES (14, 14, 14, '2003-10-16 15:01:40', '2012-02-29 23:43:41');
INSERT INTO `video_likes` (`id`, `user_id`, `video_id`, `created_at`, `updated_at`) VALUES (15, 15, 15, '2002-09-28 15:51:40', '2013-10-30 21:44:19');
INSERT INTO `video_likes` (`id`, `user_id`, `video_id`, `created_at`, `updated_at`) VALUES (16, 16, 16, '2006-06-09 03:46:28', '2011-01-31 18:13:01');
INSERT INTO `video_likes` (`id`, `user_id`, `video_id`, `created_at`, `updated_at`) VALUES (17, 17, 17, '2002-01-08 16:33:14', '2019-03-24 15:53:58');
INSERT INTO `video_likes` (`id`, `user_id`, `video_id`, `created_at`, `updated_at`) VALUES (18, 18, 18, '2007-05-13 01:11:15', '2018-06-23 11:22:28');
INSERT INTO `video_likes` (`id`, `user_id`, `video_id`, `created_at`, `updated_at`) VALUES (19, 19, 19, '2005-03-27 04:22:41', '2018-11-22 20:57:06');
INSERT INTO `video_likes` (`id`, `user_id`, `video_id`, `created_at`, `updated_at`) VALUES (20, 20, 20, '2005-06-24 11:15:34', '2012-08-23 12:11:34');
INSERT INTO `video_likes` (`id`, `user_id`, `video_id`, `created_at`, `updated_at`) VALUES (21, 21, 21, '2004-05-05 05:19:19', '2015-09-12 13:28:19');
INSERT INTO `video_likes` (`id`, `user_id`, `video_id`, `created_at`, `updated_at`) VALUES (22, 22, 22, '2006-11-08 13:48:06', '2020-07-06 03:47:47');
INSERT INTO `video_likes` (`id`, `user_id`, `video_id`, `created_at`, `updated_at`) VALUES (23, 23, 23, '2010-06-03 08:51:25', '2016-02-12 05:54:22');
INSERT INTO `video_likes` (`id`, `user_id`, `video_id`, `created_at`, `updated_at`) VALUES (24, 24, 24, '2008-12-06 12:27:58', '2014-07-01 22:10:29');
INSERT INTO `video_likes` (`id`, `user_id`, `video_id`, `created_at`, `updated_at`) VALUES (25, 25, 25, '2006-01-14 20:23:23', '2015-08-26 13:11:32');
INSERT INTO `video_likes` (`id`, `user_id`, `video_id`, `created_at`, `updated_at`) VALUES (26, 26, 26, '2007-02-24 00:09:49', '2016-06-30 04:37:12');
INSERT INTO `video_likes` (`id`, `user_id`, `video_id`, `created_at`, `updated_at`) VALUES (27, 27, 27, '2005-10-13 10:56:22', '2019-12-20 16:40:55');
INSERT INTO `video_likes` (`id`, `user_id`, `video_id`, `created_at`, `updated_at`) VALUES (28, 28, 28, '2004-10-27 07:39:54', '2011-04-06 10:58:34');
INSERT INTO `video_likes` (`id`, `user_id`, `video_id`, `created_at`, `updated_at`) VALUES (29, 29, 29, '2009-04-29 10:13:02', '2012-01-22 10:58:43');
INSERT INTO `video_likes` (`id`, `user_id`, `video_id`, `created_at`, `updated_at`) VALUES (30, 30, 30, '2003-07-25 16:23:12', '2012-05-12 14:20:48');
INSERT INTO `video_likes` (`id`, `user_id`, `video_id`, `created_at`, `updated_at`) VALUES (31, 31, 31, '2002-01-01 07:53:08', '2017-11-02 14:00:43');
INSERT INTO `video_likes` (`id`, `user_id`, `video_id`, `created_at`, `updated_at`) VALUES (32, 32, 32, '2000-09-08 04:47:19', '2012-04-14 02:30:33');
INSERT INTO `video_likes` (`id`, `user_id`, `video_id`, `created_at`, `updated_at`) VALUES (33, 33, 33, '2007-05-31 11:13:33', '2016-12-03 00:14:39');
INSERT INTO `video_likes` (`id`, `user_id`, `video_id`, `created_at`, `updated_at`) VALUES (34, 34, 34, '2000-10-31 13:16:41', '2016-10-24 12:32:16');
INSERT INTO `video_likes` (`id`, `user_id`, `video_id`, `created_at`, `updated_at`) VALUES (35, 35, 35, '2001-10-29 20:36:21', '2019-01-30 23:35:21');
INSERT INTO `video_likes` (`id`, `user_id`, `video_id`, `created_at`, `updated_at`) VALUES (36, 36, 36, '2003-03-07 13:23:30', '2011-09-30 21:24:59');
INSERT INTO `video_likes` (`id`, `user_id`, `video_id`, `created_at`, `updated_at`) VALUES (37, 37, 37, '2001-12-21 18:19:10', '2011-03-06 10:58:51');
INSERT INTO `video_likes` (`id`, `user_id`, `video_id`, `created_at`, `updated_at`) VALUES (38, 38, 38, '2001-05-08 19:03:34', '2015-08-01 15:32:01');
INSERT INTO `video_likes` (`id`, `user_id`, `video_id`, `created_at`, `updated_at`) VALUES (39, 39, 39, '2009-11-02 17:13:36', '2011-07-06 01:42:38');
INSERT INTO `video_likes` (`id`, `user_id`, `video_id`, `created_at`, `updated_at`) VALUES (40, 40, 40, '2004-06-04 19:18:08', '2011-08-26 23:23:14');
INSERT INTO `video_likes` (`id`, `user_id`, `video_id`, `created_at`, `updated_at`) VALUES (41, 41, 41, '2000-10-28 09:02:18', '2018-08-07 02:04:03');
INSERT INTO `video_likes` (`id`, `user_id`, `video_id`, `created_at`, `updated_at`) VALUES (42, 42, 42, '2004-08-25 12:50:32', '2016-01-23 04:09:53');
INSERT INTO `video_likes` (`id`, `user_id`, `video_id`, `created_at`, `updated_at`) VALUES (43, 43, 43, '2008-05-03 10:38:40', '2011-05-11 00:53:08');
INSERT INTO `video_likes` (`id`, `user_id`, `video_id`, `created_at`, `updated_at`) VALUES (44, 44, 44, '2005-02-22 21:09:00', '2011-12-25 09:44:58');
INSERT INTO `video_likes` (`id`, `user_id`, `video_id`, `created_at`, `updated_at`) VALUES (45, 45, 45, '2008-10-07 15:53:19', '2017-02-21 01:46:02');
INSERT INTO `video_likes` (`id`, `user_id`, `video_id`, `created_at`, `updated_at`) VALUES (46, 46, 46, '2008-03-04 01:42:50', '2018-07-16 00:29:47');
INSERT INTO `video_likes` (`id`, `user_id`, `video_id`, `created_at`, `updated_at`) VALUES (47, 47, 47, '2003-02-18 20:50:53', '2016-09-15 06:16:14');
INSERT INTO `video_likes` (`id`, `user_id`, `video_id`, `created_at`, `updated_at`) VALUES (48, 48, 48, '2007-08-10 07:57:50', '2013-11-01 07:20:28');
INSERT INTO `video_likes` (`id`, `user_id`, `video_id`, `created_at`, `updated_at`) VALUES (49, 49, 49, '2009-10-12 09:18:02', '2015-04-22 00:45:29');
INSERT INTO `video_likes` (`id`, `user_id`, `video_id`, `created_at`, `updated_at`) VALUES (50, 50, 50, '2001-01-06 08:43:21', '2012-12-07 23:12:49');
INSERT INTO `video_likes` (`id`, `user_id`, `video_id`, `created_at`, `updated_at`) VALUES (51, 51, 51, '2003-12-03 21:31:20', '2013-05-16 12:07:28');
INSERT INTO `video_likes` (`id`, `user_id`, `video_id`, `created_at`, `updated_at`) VALUES (52, 52, 52, '2006-07-03 22:53:00', '2017-01-21 07:36:34');
INSERT INTO `video_likes` (`id`, `user_id`, `video_id`, `created_at`, `updated_at`) VALUES (53, 53, 53, '2003-04-30 14:23:55', '2018-08-11 15:26:41');
INSERT INTO `video_likes` (`id`, `user_id`, `video_id`, `created_at`, `updated_at`) VALUES (54, 54, 54, '2010-02-09 19:49:01', '2010-09-04 10:15:54');
INSERT INTO `video_likes` (`id`, `user_id`, `video_id`, `created_at`, `updated_at`) VALUES (55, 55, 55, '2004-01-17 04:33:10', '2017-02-08 04:12:36');
INSERT INTO `video_likes` (`id`, `user_id`, `video_id`, `created_at`, `updated_at`) VALUES (56, 56, 56, '2001-05-12 14:01:53', '2018-09-01 09:48:29');
INSERT INTO `video_likes` (`id`, `user_id`, `video_id`, `created_at`, `updated_at`) VALUES (57, 57, 57, '2000-10-17 15:04:39', '2017-11-19 20:38:07');
INSERT INTO `video_likes` (`id`, `user_id`, `video_id`, `created_at`, `updated_at`) VALUES (58, 58, 58, '2004-06-12 06:38:43', '2012-01-26 08:28:08');
INSERT INTO `video_likes` (`id`, `user_id`, `video_id`, `created_at`, `updated_at`) VALUES (59, 59, 59, '2002-10-07 17:29:59', '2019-05-20 15:35:08');
INSERT INTO `video_likes` (`id`, `user_id`, `video_id`, `created_at`, `updated_at`) VALUES (60, 60, 60, '2005-08-24 03:29:19', '2019-02-21 14:30:15');
INSERT INTO `video_likes` (`id`, `user_id`, `video_id`, `created_at`, `updated_at`) VALUES (61, 61, 61, '2006-09-29 12:24:03', '2017-11-02 15:01:15');
INSERT INTO `video_likes` (`id`, `user_id`, `video_id`, `created_at`, `updated_at`) VALUES (62, 62, 62, '2003-08-26 02:54:57', '2012-04-09 17:00:15');
INSERT INTO `video_likes` (`id`, `user_id`, `video_id`, `created_at`, `updated_at`) VALUES (63, 63, 63, '2009-06-24 09:38:01', '2018-11-26 21:16:36');
INSERT INTO `video_likes` (`id`, `user_id`, `video_id`, `created_at`, `updated_at`) VALUES (64, 64, 64, '2001-05-20 06:26:44', '2011-01-15 17:44:22');
INSERT INTO `video_likes` (`id`, `user_id`, `video_id`, `created_at`, `updated_at`) VALUES (65, 65, 65, '2007-01-02 23:50:38', '2015-04-03 20:03:00');
INSERT INTO `video_likes` (`id`, `user_id`, `video_id`, `created_at`, `updated_at`) VALUES (66, 66, 66, '2007-05-11 05:42:46', '2011-02-09 23:03:35');
INSERT INTO `video_likes` (`id`, `user_id`, `video_id`, `created_at`, `updated_at`) VALUES (67, 67, 67, '2004-06-15 03:28:17', '2019-02-15 12:23:03');
INSERT INTO `video_likes` (`id`, `user_id`, `video_id`, `created_at`, `updated_at`) VALUES (68, 68, 68, '2004-07-15 13:26:06', '2018-12-03 03:18:35');
INSERT INTO `video_likes` (`id`, `user_id`, `video_id`, `created_at`, `updated_at`) VALUES (69, 69, 69, '2003-09-06 23:42:50', '2013-02-15 20:48:00');
INSERT INTO `video_likes` (`id`, `user_id`, `video_id`, `created_at`, `updated_at`) VALUES (70, 70, 70, '2007-11-29 04:46:25', '2015-04-22 07:01:15');
INSERT INTO `video_likes` (`id`, `user_id`, `video_id`, `created_at`, `updated_at`) VALUES (71, 71, 71, '2006-01-29 03:00:28', '2013-05-07 01:21:02');
INSERT INTO `video_likes` (`id`, `user_id`, `video_id`, `created_at`, `updated_at`) VALUES (72, 72, 72, '2003-08-20 11:58:51', '2012-06-19 06:41:34');
INSERT INTO `video_likes` (`id`, `user_id`, `video_id`, `created_at`, `updated_at`) VALUES (73, 73, 73, '2003-01-30 11:17:02', '2012-03-10 11:31:00');
INSERT INTO `video_likes` (`id`, `user_id`, `video_id`, `created_at`, `updated_at`) VALUES (74, 74, 74, '2005-07-28 02:27:19', '2011-01-26 05:49:48');
INSERT INTO `video_likes` (`id`, `user_id`, `video_id`, `created_at`, `updated_at`) VALUES (75, 75, 75, '2007-09-28 06:44:26', '2014-08-19 07:29:28');
INSERT INTO `video_likes` (`id`, `user_id`, `video_id`, `created_at`, `updated_at`) VALUES (76, 76, 76, '2003-02-18 22:44:11', '2013-04-01 20:45:25');
INSERT INTO `video_likes` (`id`, `user_id`, `video_id`, `created_at`, `updated_at`) VALUES (77, 77, 77, '2005-02-12 12:43:07', '2011-04-26 20:26:02');
INSERT INTO `video_likes` (`id`, `user_id`, `video_id`, `created_at`, `updated_at`) VALUES (78, 78, 78, '2004-04-11 15:10:11', '2016-12-20 19:19:23');
INSERT INTO `video_likes` (`id`, `user_id`, `video_id`, `created_at`, `updated_at`) VALUES (79, 79, 79, '2002-12-31 15:05:39', '2011-02-25 15:20:11');
INSERT INTO `video_likes` (`id`, `user_id`, `video_id`, `created_at`, `updated_at`) VALUES (80, 80, 80, '2004-07-27 15:19:17', '2019-05-07 13:07:45');
INSERT INTO `video_likes` (`id`, `user_id`, `video_id`, `created_at`, `updated_at`) VALUES (81, 81, 81, '2007-12-24 23:48:40', '2017-04-08 08:58:41');
INSERT INTO `video_likes` (`id`, `user_id`, `video_id`, `created_at`, `updated_at`) VALUES (82, 82, 82, '2005-06-27 04:48:18', '2010-08-14 11:29:53');
INSERT INTO `video_likes` (`id`, `user_id`, `video_id`, `created_at`, `updated_at`) VALUES (83, 83, 83, '2001-07-30 01:41:19', '2011-08-10 16:27:47');
INSERT INTO `video_likes` (`id`, `user_id`, `video_id`, `created_at`, `updated_at`) VALUES (84, 84, 84, '2003-03-21 13:03:26', '2011-06-02 16:18:32');
INSERT INTO `video_likes` (`id`, `user_id`, `video_id`, `created_at`, `updated_at`) VALUES (85, 85, 85, '2005-07-28 05:46:28', '2011-10-16 00:10:49');
INSERT INTO `video_likes` (`id`, `user_id`, `video_id`, `created_at`, `updated_at`) VALUES (86, 86, 86, '2000-08-25 13:00:35', '2016-01-16 16:40:31');
INSERT INTO `video_likes` (`id`, `user_id`, `video_id`, `created_at`, `updated_at`) VALUES (87, 87, 87, '2005-02-09 10:08:41', '2012-11-28 20:07:33');
INSERT INTO `video_likes` (`id`, `user_id`, `video_id`, `created_at`, `updated_at`) VALUES (88, 88, 88, '2002-08-12 22:20:17', '2020-04-04 13:22:28');
INSERT INTO `video_likes` (`id`, `user_id`, `video_id`, `created_at`, `updated_at`) VALUES (89, 89, 89, '2005-08-27 23:47:18', '2010-08-05 20:42:51');
INSERT INTO `video_likes` (`id`, `user_id`, `video_id`, `created_at`, `updated_at`) VALUES (90, 90, 90, '2001-09-06 06:13:38', '2014-04-03 05:50:03');
INSERT INTO `video_likes` (`id`, `user_id`, `video_id`, `created_at`, `updated_at`) VALUES (91, 91, 91, '2010-03-05 07:27:28', '2017-08-31 11:32:11');
INSERT INTO `video_likes` (`id`, `user_id`, `video_id`, `created_at`, `updated_at`) VALUES (92, 92, 92, '2001-01-14 04:51:25', '2017-04-28 07:53:46');
INSERT INTO `video_likes` (`id`, `user_id`, `video_id`, `created_at`, `updated_at`) VALUES (93, 93, 93, '2009-02-27 12:14:40', '2012-10-20 10:18:45');
INSERT INTO `video_likes` (`id`, `user_id`, `video_id`, `created_at`, `updated_at`) VALUES (94, 94, 94, '2007-01-29 20:35:43', '2010-09-17 06:36:01');
INSERT INTO `video_likes` (`id`, `user_id`, `video_id`, `created_at`, `updated_at`) VALUES (95, 95, 95, '2001-11-12 11:00:45', '2013-07-26 07:49:26');
INSERT INTO `video_likes` (`id`, `user_id`, `video_id`, `created_at`, `updated_at`) VALUES (96, 96, 96, '2007-01-23 09:50:38', '2012-12-17 23:19:52');
INSERT INTO `video_likes` (`id`, `user_id`, `video_id`, `created_at`, `updated_at`) VALUES (97, 97, 97, '2009-11-23 03:47:53', '2020-02-02 20:40:20');
INSERT INTO `video_likes` (`id`, `user_id`, `video_id`, `created_at`, `updated_at`) VALUES (98, 98, 98, '2004-06-27 05:47:24', '2016-09-05 09:25:30');
INSERT INTO `video_likes` (`id`, `user_id`, `video_id`, `created_at`, `updated_at`) VALUES (99, 99, 99, '2003-10-05 05:59:36', '2012-07-18 11:31:43');
INSERT INTO `video_likes` (`id`, `user_id`, `video_id`, `created_at`, `updated_at`) VALUES (100, 100, 100, '2000-09-21 11:31:38', '2013-09-14 02:32:55');


INSERT INTO `video_shared_links` (`id`, `url`, `expiried_at`, `video_id`, `created_at`, `updated_at`) VALUES (1, 'http://www.kihn.info/', '2024-12-19 22:58:07', 1, '2002-04-13 22:08:27', '2011-03-31 02:26:58');
INSERT INTO `video_shared_links` (`id`, `url`, `expiried_at`, `video_id`, `created_at`, `updated_at`) VALUES (2, 'http://dickimueller.com/', '2023-07-21 18:29:32', 2, '2009-12-24 04:39:07', '2018-06-03 10:33:41');
INSERT INTO `video_shared_links` (`id`, `url`, `expiried_at`, `video_id`, `created_at`, `updated_at`) VALUES (3, 'http://lueilwitz.net/', '2024-12-06 23:46:46', 3, '2006-07-16 16:00:31', '2019-03-20 20:11:58');
INSERT INTO `video_shared_links` (`id`, `url`, `expiried_at`, `video_id`, `created_at`, `updated_at`) VALUES (4, 'http://www.pfeffercruickshank.com/', '2027-12-17 21:17:46', 4, '2005-05-20 10:00:02', '2014-10-20 21:49:52');
INSERT INTO `video_shared_links` (`id`, `url`, `expiried_at`, `video_id`, `created_at`, `updated_at`) VALUES (5, 'http://www.deckow.com/', '2020-10-24 03:52:15', 5, '2001-12-25 01:53:56', '2019-08-02 09:56:22');
INSERT INTO `video_shared_links` (`id`, `url`, `expiried_at`, `video_id`, `created_at`, `updated_at`) VALUES (6, 'http://www.price.biz/', '2021-04-07 21:21:32', 6, '2009-07-09 03:11:31', '2010-12-13 23:30:54');
INSERT INTO `video_shared_links` (`id`, `url`, `expiried_at`, `video_id`, `created_at`, `updated_at`) VALUES (7, 'http://www.gislasonpagac.org/', '2021-06-25 07:46:04', 7, '2004-08-31 09:06:46', '2011-09-16 17:11:17');
INSERT INTO `video_shared_links` (`id`, `url`, `expiried_at`, `video_id`, `created_at`, `updated_at`) VALUES (8, 'http://www.shields.org/', '2023-08-22 06:14:57', 8, '2006-10-19 04:33:19', '2010-12-29 06:40:59');
INSERT INTO `video_shared_links` (`id`, `url`, `expiried_at`, `video_id`, `created_at`, `updated_at`) VALUES (9, 'http://bartellbode.com/', '2027-03-15 16:13:01', 9, '2005-06-03 23:29:41', '2011-04-21 17:48:41');
INSERT INTO `video_shared_links` (`id`, `url`, `expiried_at`, `video_id`, `created_at`, `updated_at`) VALUES (10, 'http://www.paucek.com/', '2022-10-19 19:53:51', 10, '2007-12-20 03:51:06', '2015-09-10 23:37:27');
INSERT INTO `video_shared_links` (`id`, `url`, `expiried_at`, `video_id`, `created_at`, `updated_at`) VALUES (11, 'http://borersauer.com/', '2028-06-15 14:56:40', 11, '2004-06-20 14:00:53', '2018-04-24 14:51:25');
INSERT INTO `video_shared_links` (`id`, `url`, `expiried_at`, `video_id`, `created_at`, `updated_at`) VALUES (12, 'http://schroeder.com/', '2022-03-30 09:56:43', 12, '2006-05-15 12:11:00', '2019-06-26 13:18:58');
INSERT INTO `video_shared_links` (`id`, `url`, `expiried_at`, `video_id`, `created_at`, `updated_at`) VALUES (13, 'http://www.blanda.com/', '2023-11-05 15:44:26', 13, '2000-11-25 05:03:51', '2011-10-22 11:49:00');
INSERT INTO `video_shared_links` (`id`, `url`, `expiried_at`, `video_id`, `created_at`, `updated_at`) VALUES (14, 'http://durgan.com/', '2023-03-07 08:17:04', 14, '2007-06-03 00:00:39', '2013-07-21 18:21:36');
INSERT INTO `video_shared_links` (`id`, `url`, `expiried_at`, `video_id`, `created_at`, `updated_at`) VALUES (15, 'http://bogisichtreutel.biz/', '2024-11-09 18:50:58', 15, '2002-01-31 21:41:41', '2017-12-25 21:47:11');
INSERT INTO `video_shared_links` (`id`, `url`, `expiried_at`, `video_id`, `created_at`, `updated_at`) VALUES (16, 'http://miller.com/', '2029-07-05 06:40:59', 16, '2007-04-18 03:57:11', '2013-11-03 11:21:11');
INSERT INTO `video_shared_links` (`id`, `url`, `expiried_at`, `video_id`, `created_at`, `updated_at`) VALUES (17, 'http://zemlak.org/', '2022-04-07 10:10:24', 17, '2001-10-13 21:08:17', '2011-04-03 19:28:13');
INSERT INTO `video_shared_links` (`id`, `url`, `expiried_at`, `video_id`, `created_at`, `updated_at`) VALUES (18, 'http://dickens.com/', '2029-02-16 14:38:30', 18, '2009-11-13 07:25:11', '2018-08-17 03:30:03');
INSERT INTO `video_shared_links` (`id`, `url`, `expiried_at`, `video_id`, `created_at`, `updated_at`) VALUES (19, 'http://bashirian.net/', '2027-10-28 17:39:44', 19, '2007-04-10 22:22:04', '2014-12-09 06:35:48');
INSERT INTO `video_shared_links` (`id`, `url`, `expiried_at`, `video_id`, `created_at`, `updated_at`) VALUES (20, 'http://www.conroy.net/', '2022-05-01 11:41:20', 20, '2007-06-30 11:01:48', '2013-04-15 11:00:15');
INSERT INTO `video_shared_links` (`id`, `url`, `expiried_at`, `video_id`, `created_at`, `updated_at`) VALUES (21, 'http://www.yundt.com/', '2023-12-30 15:27:23', 21, '2004-07-14 04:38:51', '2020-02-26 01:27:28');
INSERT INTO `video_shared_links` (`id`, `url`, `expiried_at`, `video_id`, `created_at`, `updated_at`) VALUES (22, 'http://www.nadertowne.com/', '2025-12-21 21:31:26', 22, '2001-12-04 22:47:13', '2020-01-03 10:06:08');
INSERT INTO `video_shared_links` (`id`, `url`, `expiried_at`, `video_id`, `created_at`, `updated_at`) VALUES (23, 'http://rippin.biz/', '2021-11-04 21:17:49', 23, '2007-04-09 09:06:07', '2014-04-17 23:54:49');
INSERT INTO `video_shared_links` (`id`, `url`, `expiried_at`, `video_id`, `created_at`, `updated_at`) VALUES (24, 'http://www.bode.com/', '2028-04-24 13:44:04', 24, '2005-11-14 04:56:53', '2011-07-29 11:55:15');
INSERT INTO `video_shared_links` (`id`, `url`, `expiried_at`, `video_id`, `created_at`, `updated_at`) VALUES (25, 'http://schultzpfeffer.info/', '2022-03-07 02:26:30', 25, '2004-12-17 13:30:57', '2014-11-19 04:00:11');
INSERT INTO `video_shared_links` (`id`, `url`, `expiried_at`, `video_id`, `created_at`, `updated_at`) VALUES (26, 'http://www.stehr.com/', '2029-10-03 03:03:11', 26, '2002-07-27 11:40:10', '2013-01-25 01:32:43');
INSERT INTO `video_shared_links` (`id`, `url`, `expiried_at`, `video_id`, `created_at`, `updated_at`) VALUES (27, 'http://wiegand.com/', '2023-09-01 14:28:39', 27, '2005-07-16 18:33:06', '2017-01-30 21:36:27');
INSERT INTO `video_shared_links` (`id`, `url`, `expiried_at`, `video_id`, `created_at`, `updated_at`) VALUES (28, 'http://www.kerlukeemmerich.org/', '2020-10-26 10:54:49', 28, '2010-02-08 20:09:13', '2012-12-13 19:08:23');
INSERT INTO `video_shared_links` (`id`, `url`, `expiried_at`, `video_id`, `created_at`, `updated_at`) VALUES (29, 'http://schmidt.info/', '2028-04-14 17:11:39', 29, '2005-01-07 12:55:43', '2018-06-29 08:16:39');
INSERT INTO `video_shared_links` (`id`, `url`, `expiried_at`, `video_id`, `created_at`, `updated_at`) VALUES (30, 'http://raubrakus.net/', '2026-03-10 02:16:02', 30, '2009-06-20 02:47:44', '2011-02-09 04:28:14');
INSERT INTO `video_shared_links` (`id`, `url`, `expiried_at`, `video_id`, `created_at`, `updated_at`) VALUES (31, 'http://conn.com/', '2025-04-05 13:35:32', 31, '2003-06-17 00:58:21', '2012-03-30 21:47:23');
INSERT INTO `video_shared_links` (`id`, `url`, `expiried_at`, `video_id`, `created_at`, `updated_at`) VALUES (32, 'http://gottliebthompson.com/', '2028-01-19 12:07:03', 32, '2001-06-26 15:42:12', '2016-04-15 02:55:59');
INSERT INTO `video_shared_links` (`id`, `url`, `expiried_at`, `video_id`, `created_at`, `updated_at`) VALUES (33, 'http://collinsbergstrom.com/', '2028-06-06 15:05:54', 33, '2009-07-24 08:02:46', '2014-03-09 12:44:13');
INSERT INTO `video_shared_links` (`id`, `url`, `expiried_at`, `video_id`, `created_at`, `updated_at`) VALUES (34, 'http://www.hauckwalter.net/', '2021-04-27 10:57:29', 34, '2009-02-02 13:25:10', '2013-07-07 13:10:36');
INSERT INTO `video_shared_links` (`id`, `url`, `expiried_at`, `video_id`, `created_at`, `updated_at`) VALUES (35, 'http://ullrich.net/', '2029-05-15 12:02:50', 35, '2006-12-16 16:07:23', '2013-07-09 19:24:56');
INSERT INTO `video_shared_links` (`id`, `url`, `expiried_at`, `video_id`, `created_at`, `updated_at`) VALUES (36, 'http://www.christiansen.com/', '2024-06-01 21:18:30', 36, '2004-09-17 04:09:32', '2018-01-31 13:12:04');
INSERT INTO `video_shared_links` (`id`, `url`, `expiried_at`, `video_id`, `created_at`, `updated_at`) VALUES (37, 'http://turcotte.com/', '2030-07-01 01:17:13', 37, '2010-06-09 14:55:42', '2019-10-27 04:04:54');
INSERT INTO `video_shared_links` (`id`, `url`, `expiried_at`, `video_id`, `created_at`, `updated_at`) VALUES (38, 'http://corkery.com/', '2028-03-23 17:13:28', 38, '2006-11-27 12:35:10', '2011-12-16 15:11:21');
INSERT INTO `video_shared_links` (`id`, `url`, `expiried_at`, `video_id`, `created_at`, `updated_at`) VALUES (39, 'http://www.beattyeichmann.info/', '2029-09-14 09:47:26', 39, '2010-02-08 12:08:41', '2017-01-15 16:28:01');
INSERT INTO `video_shared_links` (`id`, `url`, `expiried_at`, `video_id`, `created_at`, `updated_at`) VALUES (40, 'http://schneiderratke.com/', '2025-11-17 05:26:31', 40, '2005-10-08 11:54:05', '2016-08-02 01:16:17');
INSERT INTO `video_shared_links` (`id`, `url`, `expiried_at`, `video_id`, `created_at`, `updated_at`) VALUES (41, 'http://stanton.net/', '2027-02-11 16:45:36', 41, '2004-09-03 22:05:45', '2017-03-06 19:22:29');
INSERT INTO `video_shared_links` (`id`, `url`, `expiried_at`, `video_id`, `created_at`, `updated_at`) VALUES (42, 'http://www.block.com/', '2021-08-20 19:21:50', 42, '2002-07-15 00:34:47', '2018-04-25 06:29:34');
INSERT INTO `video_shared_links` (`id`, `url`, `expiried_at`, `video_id`, `created_at`, `updated_at`) VALUES (43, 'http://casperjast.com/', '2022-05-10 01:11:30', 43, '2004-08-11 08:41:47', '2010-08-09 15:21:04');
INSERT INTO `video_shared_links` (`id`, `url`, `expiried_at`, `video_id`, `created_at`, `updated_at`) VALUES (44, 'http://www.senger.com/', '2029-09-10 06:30:28', 44, '2009-09-07 17:09:23', '2012-08-25 12:22:40');
INSERT INTO `video_shared_links` (`id`, `url`, `expiried_at`, `video_id`, `created_at`, `updated_at`) VALUES (45, 'http://www.mayer.net/', '2029-04-20 15:34:39', 45, '2007-02-11 14:02:05', '2016-01-12 20:24:41');
INSERT INTO `video_shared_links` (`id`, `url`, `expiried_at`, `video_id`, `created_at`, `updated_at`) VALUES (46, 'http://jacobsdickinson.biz/', '2028-12-03 21:46:59', 46, '2003-08-09 10:32:53', '2011-07-01 05:32:10');
INSERT INTO `video_shared_links` (`id`, `url`, `expiried_at`, `video_id`, `created_at`, `updated_at`) VALUES (47, 'http://kilbackhudson.com/', '2028-03-23 03:33:17', 47, '2006-08-22 05:49:48', '2012-11-30 23:27:05');
INSERT INTO `video_shared_links` (`id`, `url`, `expiried_at`, `video_id`, `created_at`, `updated_at`) VALUES (48, 'http://www.fisher.com/', '2029-11-06 12:25:27', 48, '2002-10-04 19:41:22', '2016-03-24 21:08:59');
INSERT INTO `video_shared_links` (`id`, `url`, `expiried_at`, `video_id`, `created_at`, `updated_at`) VALUES (49, 'http://www.hilllward.com/', '2023-12-02 08:56:23', 49, '2005-07-08 12:52:32', '2017-11-27 11:23:12');
INSERT INTO `video_shared_links` (`id`, `url`, `expiried_at`, `video_id`, `created_at`, `updated_at`) VALUES (50, 'http://schoen.com/', '2029-09-20 13:18:17', 50, '2002-05-06 06:01:05', '2018-06-29 19:37:07');
INSERT INTO `video_shared_links` (`id`, `url`, `expiried_at`, `video_id`, `created_at`, `updated_at`) VALUES (51, 'http://beier.info/', '2026-03-22 22:53:04', 51, '2002-07-01 02:36:55', '2016-11-13 03:30:26');
INSERT INTO `video_shared_links` (`id`, `url`, `expiried_at`, `video_id`, `created_at`, `updated_at`) VALUES (52, 'http://www.daniel.com/', '2029-12-25 21:49:47', 52, '2001-11-25 18:43:10', '2020-07-21 17:27:59');
INSERT INTO `video_shared_links` (`id`, `url`, `expiried_at`, `video_id`, `created_at`, `updated_at`) VALUES (53, 'http://sawaynwunsch.biz/', '2028-03-20 18:59:11', 53, '2005-11-30 19:03:44', '2018-10-04 20:47:14');
INSERT INTO `video_shared_links` (`id`, `url`, `expiried_at`, `video_id`, `created_at`, `updated_at`) VALUES (54, 'http://www.kling.info/', '2027-07-23 19:57:05', 54, '2001-04-11 04:21:48', '2017-10-21 21:00:20');
INSERT INTO `video_shared_links` (`id`, `url`, `expiried_at`, `video_id`, `created_at`, `updated_at`) VALUES (55, 'http://www.bergstromlesch.biz/', '2026-12-18 22:43:33', 55, '2009-03-29 19:41:25', '2010-12-10 12:16:29');
INSERT INTO `video_shared_links` (`id`, `url`, `expiried_at`, `video_id`, `created_at`, `updated_at`) VALUES (56, 'http://www.millsdavis.com/', '2029-10-13 08:37:09', 56, '2005-02-19 10:20:36', '2012-05-24 20:25:55');
INSERT INTO `video_shared_links` (`id`, `url`, `expiried_at`, `video_id`, `created_at`, `updated_at`) VALUES (57, 'http://oharacorwin.com/', '2030-01-03 03:48:43', 57, '2001-10-07 20:56:51', '2013-08-18 11:51:16');
INSERT INTO `video_shared_links` (`id`, `url`, `expiried_at`, `video_id`, `created_at`, `updated_at`) VALUES (58, 'http://goodwin.com/', '2021-02-11 02:45:32', 58, '2010-05-18 09:00:32', '2012-09-20 02:39:28');
INSERT INTO `video_shared_links` (`id`, `url`, `expiried_at`, `video_id`, `created_at`, `updated_at`) VALUES (59, 'http://www.pagac.com/', '2027-01-18 10:53:54', 59, '2007-04-21 23:38:48', '2012-03-22 11:36:24');
INSERT INTO `video_shared_links` (`id`, `url`, `expiried_at`, `video_id`, `created_at`, `updated_at`) VALUES (60, 'http://www.mccullough.org/', '2026-12-17 09:03:49', 60, '2006-12-13 01:09:45', '2012-02-03 14:49:44');
INSERT INTO `video_shared_links` (`id`, `url`, `expiried_at`, `video_id`, `created_at`, `updated_at`) VALUES (61, 'http://www.marquardtdonnelly.com/', '2029-12-10 03:01:33', 61, '2007-06-14 02:43:57', '2014-12-28 22:54:43');
INSERT INTO `video_shared_links` (`id`, `url`, `expiried_at`, `video_id`, `created_at`, `updated_at`) VALUES (62, 'http://treutel.net/', '2022-08-16 02:14:05', 62, '2004-08-23 18:37:41', '2017-06-10 20:13:39');
INSERT INTO `video_shared_links` (`id`, `url`, `expiried_at`, `video_id`, `created_at`, `updated_at`) VALUES (63, 'http://zboncak.net/', '2028-12-26 23:12:36', 63, '2006-08-12 20:42:27', '2017-08-26 06:23:46');
INSERT INTO `video_shared_links` (`id`, `url`, `expiried_at`, `video_id`, `created_at`, `updated_at`) VALUES (64, 'http://www.reinger.com/', '2024-02-13 09:43:42', 64, '2007-06-24 19:29:33', '2013-08-05 13:48:26');
INSERT INTO `video_shared_links` (`id`, `url`, `expiried_at`, `video_id`, `created_at`, `updated_at`) VALUES (65, 'http://www.watersgleichner.com/', '2023-02-06 18:03:20', 65, '2006-04-22 01:39:47', '2014-08-18 21:03:58');
INSERT INTO `video_shared_links` (`id`, `url`, `expiried_at`, `video_id`, `created_at`, `updated_at`) VALUES (66, 'http://www.greenfelder.net/', '2020-10-19 12:23:27', 66, '2006-10-25 08:26:54', '2020-06-25 22:40:18');
INSERT INTO `video_shared_links` (`id`, `url`, `expiried_at`, `video_id`, `created_at`, `updated_at`) VALUES (67, 'http://ohara.com/', '2028-06-25 10:24:19', 67, '2007-04-18 07:50:39', '2019-07-13 05:19:24');
INSERT INTO `video_shared_links` (`id`, `url`, `expiried_at`, `video_id`, `created_at`, `updated_at`) VALUES (68, 'http://www.schmeler.com/', '2027-12-06 17:55:49', 68, '2005-08-29 08:58:23', '2017-12-14 12:20:53');
INSERT INTO `video_shared_links` (`id`, `url`, `expiried_at`, `video_id`, `created_at`, `updated_at`) VALUES (69, 'http://www.nikolaus.com/', '2027-07-22 11:10:47', 69, '2009-09-28 19:17:21', '2014-07-03 16:50:29');
INSERT INTO `video_shared_links` (`id`, `url`, `expiried_at`, `video_id`, `created_at`, `updated_at`) VALUES (70, 'http://abernathy.biz/', '2020-09-06 13:36:43', 70, '2004-09-19 15:42:18', '2010-10-02 07:00:18');
INSERT INTO `video_shared_links` (`id`, `url`, `expiried_at`, `video_id`, `created_at`, `updated_at`) VALUES (71, 'http://www.stantonluettgen.com/', '2027-04-19 11:11:30', 71, '2000-09-01 17:47:28', '2016-02-15 22:42:06');
INSERT INTO `video_shared_links` (`id`, `url`, `expiried_at`, `video_id`, `created_at`, `updated_at`) VALUES (72, 'http://swift.info/', '2022-12-03 02:13:38', 72, '2007-05-04 12:32:32', '2018-11-26 00:36:44');
INSERT INTO `video_shared_links` (`id`, `url`, `expiried_at`, `video_id`, `created_at`, `updated_at`) VALUES (73, 'http://www.sauer.com/', '2025-10-30 21:22:27', 73, '2001-12-18 17:20:40', '2018-01-07 23:31:10');
INSERT INTO `video_shared_links` (`id`, `url`, `expiried_at`, `video_id`, `created_at`, `updated_at`) VALUES (74, 'http://www.kub.biz/', '2028-04-14 12:40:20', 74, '2003-12-15 13:08:09', '2010-10-16 03:09:59');
INSERT INTO `video_shared_links` (`id`, `url`, `expiried_at`, `video_id`, `created_at`, `updated_at`) VALUES (75, 'http://www.mckenzierempel.org/', '2027-04-16 18:17:52', 75, '2005-12-05 17:00:59', '2015-02-01 04:33:55');
INSERT INTO `video_shared_links` (`id`, `url`, `expiried_at`, `video_id`, `created_at`, `updated_at`) VALUES (76, 'http://www.mosciskifranecki.com/', '2027-11-29 23:59:44', 76, '2009-04-17 17:42:44', '2019-06-16 09:35:20');
INSERT INTO `video_shared_links` (`id`, `url`, `expiried_at`, `video_id`, `created_at`, `updated_at`) VALUES (77, 'http://www.harris.com/', '2029-07-31 23:18:31', 77, '2005-01-14 03:57:08', '2020-04-30 09:03:15');
INSERT INTO `video_shared_links` (`id`, `url`, `expiried_at`, `video_id`, `created_at`, `updated_at`) VALUES (78, 'http://www.monahanparker.com/', '2022-03-20 01:18:55', 78, '2008-08-05 21:07:32', '2010-08-28 04:26:52');
INSERT INTO `video_shared_links` (`id`, `url`, `expiried_at`, `video_id`, `created_at`, `updated_at`) VALUES (79, 'http://www.stanton.com/', '2021-02-13 23:51:40', 79, '2006-01-28 04:55:09', '2017-06-28 01:05:15');
INSERT INTO `video_shared_links` (`id`, `url`, `expiried_at`, `video_id`, `created_at`, `updated_at`) VALUES (80, 'http://bergstrom.com/', '2027-12-09 04:44:14', 80, '2009-05-03 07:45:21', '2010-12-27 22:26:44');
INSERT INTO `video_shared_links` (`id`, `url`, `expiried_at`, `video_id`, `created_at`, `updated_at`) VALUES (81, 'http://ebert.biz/', '2023-04-17 03:53:58', 81, '2003-06-05 18:03:58', '2014-04-11 02:23:19');
INSERT INTO `video_shared_links` (`id`, `url`, `expiried_at`, `video_id`, `created_at`, `updated_at`) VALUES (82, 'http://www.collins.org/', '2030-03-29 23:58:05', 82, '2006-01-18 11:19:47', '2017-05-26 19:27:43');
INSERT INTO `video_shared_links` (`id`, `url`, `expiried_at`, `video_id`, `created_at`, `updated_at`) VALUES (83, 'http://weberschmitt.biz/', '2026-09-02 01:52:09', 83, '2008-11-18 11:09:27', '2017-05-30 14:54:15');
INSERT INTO `video_shared_links` (`id`, `url`, `expiried_at`, `video_id`, `created_at`, `updated_at`) VALUES (84, 'http://kautzerpadberg.com/', '2022-03-03 09:30:32', 84, '2004-04-03 22:51:25', '2012-08-12 08:36:21');
INSERT INTO `video_shared_links` (`id`, `url`, `expiried_at`, `video_id`, `created_at`, `updated_at`) VALUES (85, 'http://www.batz.biz/', '2028-09-03 15:28:08', 85, '2002-07-02 00:00:08', '2011-02-14 10:32:37');
INSERT INTO `video_shared_links` (`id`, `url`, `expiried_at`, `video_id`, `created_at`, `updated_at`) VALUES (86, 'http://fahey.org/', '2022-06-24 09:06:09', 86, '2009-09-06 13:03:30', '2019-06-14 06:26:37');
INSERT INTO `video_shared_links` (`id`, `url`, `expiried_at`, `video_id`, `created_at`, `updated_at`) VALUES (87, 'http://kshlerinzulauf.com/', '2028-12-07 13:24:38', 87, '2005-09-03 03:42:02', '2018-06-29 19:18:07');
INSERT INTO `video_shared_links` (`id`, `url`, `expiried_at`, `video_id`, `created_at`, `updated_at`) VALUES (88, 'http://wiegandrodriguez.com/', '2029-10-31 09:57:31', 88, '2010-02-25 17:05:57', '2013-01-30 22:49:55');
INSERT INTO `video_shared_links` (`id`, `url`, `expiried_at`, `video_id`, `created_at`, `updated_at`) VALUES (89, 'http://www.flatley.biz/', '2030-04-14 14:49:52', 89, '2010-04-07 00:06:33', '2013-07-22 09:55:59');
INSERT INTO `video_shared_links` (`id`, `url`, `expiried_at`, `video_id`, `created_at`, `updated_at`) VALUES (90, 'http://www.harber.com/', '2023-07-18 20:27:20', 90, '2002-06-10 07:17:42', '2019-10-15 11:40:23');
INSERT INTO `video_shared_links` (`id`, `url`, `expiried_at`, `video_id`, `created_at`, `updated_at`) VALUES (91, 'http://www.roob.com/', '2025-02-18 00:07:18', 91, '2000-09-13 14:08:48', '2019-06-07 12:08:18');
INSERT INTO `video_shared_links` (`id`, `url`, `expiried_at`, `video_id`, `created_at`, `updated_at`) VALUES (92, 'http://www.ward.com/', '2021-07-12 09:12:57', 92, '2006-09-09 11:16:55', '2011-06-15 11:21:11');
INSERT INTO `video_shared_links` (`id`, `url`, `expiried_at`, `video_id`, `created_at`, `updated_at`) VALUES (93, 'http://www.hermanlittel.biz/', '2028-03-19 21:28:25', 93, '2005-01-26 21:50:05', '2017-03-28 08:23:32');
INSERT INTO `video_shared_links` (`id`, `url`, `expiried_at`, `video_id`, `created_at`, `updated_at`) VALUES (94, 'http://www.brakusstrosin.info/', '2025-09-26 07:59:09', 94, '2005-12-23 07:20:35', '2014-03-13 17:17:24');
INSERT INTO `video_shared_links` (`id`, `url`, `expiried_at`, `video_id`, `created_at`, `updated_at`) VALUES (95, 'http://gleichner.com/', '2028-12-09 12:54:07', 95, '2008-02-11 20:44:33', '2019-06-15 14:20:05');
INSERT INTO `video_shared_links` (`id`, `url`, `expiried_at`, `video_id`, `created_at`, `updated_at`) VALUES (96, 'http://www.langosh.com/', '2028-10-11 04:14:11', 96, '2001-10-10 11:02:45', '2012-10-24 09:04:14');
INSERT INTO `video_shared_links` (`id`, `url`, `expiried_at`, `video_id`, `created_at`, `updated_at`) VALUES (97, 'http://will.net/', '2029-05-28 21:56:54', 97, '2008-04-22 22:30:02', '2015-06-10 11:58:34');
INSERT INTO `video_shared_links` (`id`, `url`, `expiried_at`, `video_id`, `created_at`, `updated_at`) VALUES (98, 'http://www.hyatt.net/', '2021-04-24 05:30:25', 98, '2007-09-28 11:06:00', '2018-09-12 14:24:38');
INSERT INTO `video_shared_links` (`id`, `url`, `expiried_at`, `video_id`, `created_at`, `updated_at`) VALUES (99, 'http://stoltenberg.com/', '2025-10-20 04:12:08', 99, '2007-08-10 08:18:40', '2011-04-02 16:59:38');
INSERT INTO `video_shared_links` (`id`, `url`, `expiried_at`, `video_id`, `created_at`, `updated_at`) VALUES (100, 'http://www.waelchi.com/', '2024-04-24 20:18:45', 100, '2005-10-12 11:35:23', '2019-06-23 09:30:08');


INSERT INTO `view_history` (`id`, `user_id`, `video_id`, `created_at`, `updated_at`) VALUES (1, 1, 1, '2001-07-28 06:14:53', '2012-10-21 00:45:40');
INSERT INTO `view_history` (`id`, `user_id`, `video_id`, `created_at`, `updated_at`) VALUES (2, 2, 2, '2007-07-23 16:31:08', '2018-12-30 23:43:43');
INSERT INTO `view_history` (`id`, `user_id`, `video_id`, `created_at`, `updated_at`) VALUES (3, 3, 3, '2005-01-22 19:49:51', '2011-11-20 05:33:56');
INSERT INTO `view_history` (`id`, `user_id`, `video_id`, `created_at`, `updated_at`) VALUES (4, 4, 4, '2004-10-11 13:09:34', '2014-12-14 23:22:11');
INSERT INTO `view_history` (`id`, `user_id`, `video_id`, `created_at`, `updated_at`) VALUES (5, 5, 5, '2008-12-18 06:50:41', '2018-11-27 08:33:44');
INSERT INTO `view_history` (`id`, `user_id`, `video_id`, `created_at`, `updated_at`) VALUES (6, 6, 6, '2001-10-16 02:17:08', '2011-11-01 16:55:33');
INSERT INTO `view_history` (`id`, `user_id`, `video_id`, `created_at`, `updated_at`) VALUES (7, 7, 7, '2002-07-21 12:04:32', '2013-01-11 11:29:10');
INSERT INTO `view_history` (`id`, `user_id`, `video_id`, `created_at`, `updated_at`) VALUES (8, 8, 8, '2002-11-12 11:21:43', '2017-01-16 19:37:17');
INSERT INTO `view_history` (`id`, `user_id`, `video_id`, `created_at`, `updated_at`) VALUES (9, 9, 9, '2001-02-21 19:41:12', '2011-10-01 18:13:44');
INSERT INTO `view_history` (`id`, `user_id`, `video_id`, `created_at`, `updated_at`) VALUES (10, 10, 10, '2005-06-19 06:43:56', '2016-09-09 04:08:47');
INSERT INTO `view_history` (`id`, `user_id`, `video_id`, `created_at`, `updated_at`) VALUES (11, 11, 11, '2004-12-11 20:35:19', '2010-11-19 07:09:31');
INSERT INTO `view_history` (`id`, `user_id`, `video_id`, `created_at`, `updated_at`) VALUES (12, 12, 12, '2004-09-24 00:51:45', '2018-12-17 22:49:39');
INSERT INTO `view_history` (`id`, `user_id`, `video_id`, `created_at`, `updated_at`) VALUES (13, 13, 13, '2005-03-12 11:12:05', '2015-12-22 21:45:28');
INSERT INTO `view_history` (`id`, `user_id`, `video_id`, `created_at`, `updated_at`) VALUES (14, 14, 14, '2010-03-08 01:48:08', '2017-10-31 07:43:35');
INSERT INTO `view_history` (`id`, `user_id`, `video_id`, `created_at`, `updated_at`) VALUES (15, 15, 15, '2008-07-17 02:16:31', '2013-11-10 03:14:39');
INSERT INTO `view_history` (`id`, `user_id`, `video_id`, `created_at`, `updated_at`) VALUES (16, 16, 16, '2003-10-16 20:12:23', '2011-07-20 13:19:10');
INSERT INTO `view_history` (`id`, `user_id`, `video_id`, `created_at`, `updated_at`) VALUES (17, 17, 17, '2008-03-18 04:25:49', '2019-11-11 11:42:38');
INSERT INTO `view_history` (`id`, `user_id`, `video_id`, `created_at`, `updated_at`) VALUES (18, 18, 18, '2009-06-01 09:07:38', '2013-01-10 19:40:54');
INSERT INTO `view_history` (`id`, `user_id`, `video_id`, `created_at`, `updated_at`) VALUES (19, 19, 19, '2005-07-04 14:28:21', '2012-02-05 11:39:33');
INSERT INTO `view_history` (`id`, `user_id`, `video_id`, `created_at`, `updated_at`) VALUES (20, 20, 20, '2005-03-21 19:20:30', '2013-06-17 09:31:24');
INSERT INTO `view_history` (`id`, `user_id`, `video_id`, `created_at`, `updated_at`) VALUES (21, 21, 21, '2002-12-14 14:50:56', '2019-01-31 02:10:11');
INSERT INTO `view_history` (`id`, `user_id`, `video_id`, `created_at`, `updated_at`) VALUES (22, 22, 22, '2004-10-21 14:57:04', '2019-03-17 09:23:58');
INSERT INTO `view_history` (`id`, `user_id`, `video_id`, `created_at`, `updated_at`) VALUES (23, 23, 23, '2009-08-19 15:58:03', '2016-08-24 03:19:17');
INSERT INTO `view_history` (`id`, `user_id`, `video_id`, `created_at`, `updated_at`) VALUES (24, 24, 24, '2008-01-09 00:01:57', '2018-02-08 02:34:07');
INSERT INTO `view_history` (`id`, `user_id`, `video_id`, `created_at`, `updated_at`) VALUES (25, 25, 25, '2004-06-19 18:55:31', '2010-08-13 10:57:40');
INSERT INTO `view_history` (`id`, `user_id`, `video_id`, `created_at`, `updated_at`) VALUES (26, 26, 26, '2008-10-09 03:27:51', '2011-01-14 06:12:16');
INSERT INTO `view_history` (`id`, `user_id`, `video_id`, `created_at`, `updated_at`) VALUES (27, 27, 27, '2003-08-30 04:09:33', '2016-03-31 02:38:38');
INSERT INTO `view_history` (`id`, `user_id`, `video_id`, `created_at`, `updated_at`) VALUES (28, 28, 28, '2005-06-16 13:21:21', '2014-06-10 21:37:23');
INSERT INTO `view_history` (`id`, `user_id`, `video_id`, `created_at`, `updated_at`) VALUES (29, 29, 29, '2009-12-10 19:41:37', '2017-11-08 20:41:54');
INSERT INTO `view_history` (`id`, `user_id`, `video_id`, `created_at`, `updated_at`) VALUES (30, 30, 30, '2009-04-25 05:20:49', '2013-01-07 12:21:31');
INSERT INTO `view_history` (`id`, `user_id`, `video_id`, `created_at`, `updated_at`) VALUES (31, 31, 31, '2004-04-12 00:08:59', '2018-09-26 06:59:47');
INSERT INTO `view_history` (`id`, `user_id`, `video_id`, `created_at`, `updated_at`) VALUES (32, 32, 32, '2001-08-06 02:55:27', '2017-02-04 17:52:25');
INSERT INTO `view_history` (`id`, `user_id`, `video_id`, `created_at`, `updated_at`) VALUES (33, 33, 33, '2003-09-28 00:40:57', '2018-11-29 12:07:33');
INSERT INTO `view_history` (`id`, `user_id`, `video_id`, `created_at`, `updated_at`) VALUES (34, 34, 34, '2004-11-08 12:55:16', '2012-01-20 13:28:58');
INSERT INTO `view_history` (`id`, `user_id`, `video_id`, `created_at`, `updated_at`) VALUES (35, 35, 35, '2002-04-18 04:44:01', '2013-06-10 14:22:26');
INSERT INTO `view_history` (`id`, `user_id`, `video_id`, `created_at`, `updated_at`) VALUES (36, 36, 36, '2002-05-24 19:43:08', '2011-03-05 03:57:48');
INSERT INTO `view_history` (`id`, `user_id`, `video_id`, `created_at`, `updated_at`) VALUES (37, 37, 37, '2008-11-11 16:31:12', '2015-06-25 05:23:48');
INSERT INTO `view_history` (`id`, `user_id`, `video_id`, `created_at`, `updated_at`) VALUES (38, 38, 38, '2000-10-09 06:12:19', '2018-04-27 04:05:13');
INSERT INTO `view_history` (`id`, `user_id`, `video_id`, `created_at`, `updated_at`) VALUES (39, 39, 39, '2000-11-14 17:06:25', '2015-04-25 12:02:21');
INSERT INTO `view_history` (`id`, `user_id`, `video_id`, `created_at`, `updated_at`) VALUES (40, 40, 40, '2002-12-19 09:29:20', '2015-04-14 17:35:05');
INSERT INTO `view_history` (`id`, `user_id`, `video_id`, `created_at`, `updated_at`) VALUES (41, 41, 41, '2001-03-27 07:07:02', '2012-05-19 21:25:36');
INSERT INTO `view_history` (`id`, `user_id`, `video_id`, `created_at`, `updated_at`) VALUES (42, 42, 42, '2009-11-15 13:03:08', '2010-12-08 18:36:16');
INSERT INTO `view_history` (`id`, `user_id`, `video_id`, `created_at`, `updated_at`) VALUES (43, 43, 43, '2001-12-17 21:20:16', '2016-06-05 08:01:58');
INSERT INTO `view_history` (`id`, `user_id`, `video_id`, `created_at`, `updated_at`) VALUES (44, 44, 44, '2001-06-29 01:33:29', '2020-07-18 20:19:30');
INSERT INTO `view_history` (`id`, `user_id`, `video_id`, `created_at`, `updated_at`) VALUES (45, 45, 45, '2009-11-29 21:30:52', '2013-04-19 00:06:39');
INSERT INTO `view_history` (`id`, `user_id`, `video_id`, `created_at`, `updated_at`) VALUES (46, 46, 46, '2008-11-24 19:06:34', '2012-08-10 21:18:10');
INSERT INTO `view_history` (`id`, `user_id`, `video_id`, `created_at`, `updated_at`) VALUES (47, 47, 47, '2009-11-07 00:04:31', '2017-03-05 03:42:56');
INSERT INTO `view_history` (`id`, `user_id`, `video_id`, `created_at`, `updated_at`) VALUES (48, 48, 48, '2006-10-31 14:02:41', '2016-03-10 22:28:41');
INSERT INTO `view_history` (`id`, `user_id`, `video_id`, `created_at`, `updated_at`) VALUES (49, 49, 49, '2005-06-23 05:24:49', '2014-02-12 13:30:57');
INSERT INTO `view_history` (`id`, `user_id`, `video_id`, `created_at`, `updated_at`) VALUES (50, 50, 50, '2007-09-26 20:41:00', '2016-06-21 14:18:47');
INSERT INTO `view_history` (`id`, `user_id`, `video_id`, `created_at`, `updated_at`) VALUES (51, 51, 51, '2004-10-19 20:57:09', '2019-04-25 16:17:51');
INSERT INTO `view_history` (`id`, `user_id`, `video_id`, `created_at`, `updated_at`) VALUES (52, 52, 52, '2009-05-22 06:16:23', '2011-03-03 00:42:56');
INSERT INTO `view_history` (`id`, `user_id`, `video_id`, `created_at`, `updated_at`) VALUES (53, 53, 53, '2009-12-15 17:38:38', '2010-08-25 08:56:15');
INSERT INTO `view_history` (`id`, `user_id`, `video_id`, `created_at`, `updated_at`) VALUES (54, 54, 54, '2007-10-12 16:30:24', '2014-10-20 10:54:10');
INSERT INTO `view_history` (`id`, `user_id`, `video_id`, `created_at`, `updated_at`) VALUES (55, 55, 55, '2000-11-05 06:57:37', '2017-04-05 21:56:10');
INSERT INTO `view_history` (`id`, `user_id`, `video_id`, `created_at`, `updated_at`) VALUES (56, 56, 56, '2005-04-19 15:21:24', '2015-03-31 02:53:05');
INSERT INTO `view_history` (`id`, `user_id`, `video_id`, `created_at`, `updated_at`) VALUES (57, 57, 57, '2002-08-31 04:30:38', '2019-02-02 13:04:08');
INSERT INTO `view_history` (`id`, `user_id`, `video_id`, `created_at`, `updated_at`) VALUES (58, 58, 58, '2010-04-06 08:09:56', '2015-12-01 22:32:09');
INSERT INTO `view_history` (`id`, `user_id`, `video_id`, `created_at`, `updated_at`) VALUES (59, 59, 59, '2006-05-14 08:54:19', '2014-08-08 07:34:06');
INSERT INTO `view_history` (`id`, `user_id`, `video_id`, `created_at`, `updated_at`) VALUES (60, 60, 60, '2004-09-25 08:14:23', '2017-06-06 07:52:33');
INSERT INTO `view_history` (`id`, `user_id`, `video_id`, `created_at`, `updated_at`) VALUES (61, 61, 61, '2006-04-27 15:49:10', '2017-06-20 07:46:45');
INSERT INTO `view_history` (`id`, `user_id`, `video_id`, `created_at`, `updated_at`) VALUES (62, 62, 62, '2008-07-12 23:39:30', '2013-04-15 07:25:18');
INSERT INTO `view_history` (`id`, `user_id`, `video_id`, `created_at`, `updated_at`) VALUES (63, 63, 63, '2000-10-08 15:49:20', '2014-11-12 11:14:38');
INSERT INTO `view_history` (`id`, `user_id`, `video_id`, `created_at`, `updated_at`) VALUES (64, 64, 64, '2010-07-13 23:23:26', '2014-04-11 08:12:03');
INSERT INTO `view_history` (`id`, `user_id`, `video_id`, `created_at`, `updated_at`) VALUES (65, 65, 65, '2001-05-16 19:23:33', '2017-11-26 13:15:59');
INSERT INTO `view_history` (`id`, `user_id`, `video_id`, `created_at`, `updated_at`) VALUES (66, 66, 66, '2007-08-22 02:54:55', '2015-04-28 15:16:05');
INSERT INTO `view_history` (`id`, `user_id`, `video_id`, `created_at`, `updated_at`) VALUES (67, 67, 67, '2006-04-28 17:21:22', '2013-06-07 15:54:28');
INSERT INTO `view_history` (`id`, `user_id`, `video_id`, `created_at`, `updated_at`) VALUES (68, 68, 68, '2006-02-04 22:59:29', '2013-03-29 02:46:40');
INSERT INTO `view_history` (`id`, `user_id`, `video_id`, `created_at`, `updated_at`) VALUES (69, 69, 69, '2006-09-06 19:39:35', '2016-08-31 02:55:02');
INSERT INTO `view_history` (`id`, `user_id`, `video_id`, `created_at`, `updated_at`) VALUES (70, 70, 70, '2009-01-08 11:47:16', '2016-12-13 17:21:52');
INSERT INTO `view_history` (`id`, `user_id`, `video_id`, `created_at`, `updated_at`) VALUES (71, 71, 71, '2005-12-03 20:32:57', '2012-07-03 01:37:53');
INSERT INTO `view_history` (`id`, `user_id`, `video_id`, `created_at`, `updated_at`) VALUES (72, 72, 72, '2004-10-28 16:47:33', '2014-03-10 06:16:22');
INSERT INTO `view_history` (`id`, `user_id`, `video_id`, `created_at`, `updated_at`) VALUES (73, 73, 73, '2001-08-04 05:02:23', '2016-06-18 18:21:53');
INSERT INTO `view_history` (`id`, `user_id`, `video_id`, `created_at`, `updated_at`) VALUES (74, 74, 74, '2006-04-10 05:07:05', '2020-01-04 04:48:04');
INSERT INTO `view_history` (`id`, `user_id`, `video_id`, `created_at`, `updated_at`) VALUES (75, 75, 75, '2003-05-11 11:45:11', '2014-11-08 09:17:00');
INSERT INTO `view_history` (`id`, `user_id`, `video_id`, `created_at`, `updated_at`) VALUES (76, 76, 76, '2003-03-03 13:06:21', '2015-07-02 18:35:27');
INSERT INTO `view_history` (`id`, `user_id`, `video_id`, `created_at`, `updated_at`) VALUES (77, 77, 77, '2002-03-20 19:21:32', '2013-02-21 14:12:44');
INSERT INTO `view_history` (`id`, `user_id`, `video_id`, `created_at`, `updated_at`) VALUES (78, 78, 78, '2002-08-05 09:26:31', '2019-05-04 02:38:34');
INSERT INTO `view_history` (`id`, `user_id`, `video_id`, `created_at`, `updated_at`) VALUES (79, 79, 79, '2003-02-15 15:21:42', '2013-11-12 04:28:50');
INSERT INTO `view_history` (`id`, `user_id`, `video_id`, `created_at`, `updated_at`) VALUES (80, 80, 80, '2006-03-07 20:05:52', '2017-09-06 14:39:54');
INSERT INTO `view_history` (`id`, `user_id`, `video_id`, `created_at`, `updated_at`) VALUES (81, 81, 81, '2005-01-27 21:38:38', '2018-03-17 09:07:06');
INSERT INTO `view_history` (`id`, `user_id`, `video_id`, `created_at`, `updated_at`) VALUES (82, 82, 82, '2008-06-08 21:43:13', '2016-03-19 15:58:54');
INSERT INTO `view_history` (`id`, `user_id`, `video_id`, `created_at`, `updated_at`) VALUES (83, 83, 83, '2007-06-12 12:54:47', '2016-04-18 06:37:50');
INSERT INTO `view_history` (`id`, `user_id`, `video_id`, `created_at`, `updated_at`) VALUES (84, 84, 84, '2003-03-12 13:48:05', '2015-02-21 15:12:26');
INSERT INTO `view_history` (`id`, `user_id`, `video_id`, `created_at`, `updated_at`) VALUES (85, 85, 85, '2007-08-19 00:28:16', '2019-06-11 01:53:10');
INSERT INTO `view_history` (`id`, `user_id`, `video_id`, `created_at`, `updated_at`) VALUES (86, 86, 86, '2003-03-10 22:07:35', '2012-01-01 01:27:54');
INSERT INTO `view_history` (`id`, `user_id`, `video_id`, `created_at`, `updated_at`) VALUES (87, 87, 87, '2003-01-07 09:53:33', '2016-06-17 09:15:33');
INSERT INTO `view_history` (`id`, `user_id`, `video_id`, `created_at`, `updated_at`) VALUES (88, 88, 88, '2006-02-19 03:54:46', '2015-11-30 23:20:58');
INSERT INTO `view_history` (`id`, `user_id`, `video_id`, `created_at`, `updated_at`) VALUES (89, 89, 89, '2001-04-09 03:43:33', '2011-01-12 03:29:24');
INSERT INTO `view_history` (`id`, `user_id`, `video_id`, `created_at`, `updated_at`) VALUES (90, 90, 90, '2003-10-25 12:11:57', '2020-04-06 09:32:58');
INSERT INTO `view_history` (`id`, `user_id`, `video_id`, `created_at`, `updated_at`) VALUES (91, 91, 91, '2005-06-23 10:12:30', '2014-11-01 16:01:25');
INSERT INTO `view_history` (`id`, `user_id`, `video_id`, `created_at`, `updated_at`) VALUES (92, 92, 92, '2002-01-25 09:53:32', '2015-05-04 12:42:47');
INSERT INTO `view_history` (`id`, `user_id`, `video_id`, `created_at`, `updated_at`) VALUES (93, 93, 93, '2007-07-15 11:18:48', '2017-06-07 20:20:33');
INSERT INTO `view_history` (`id`, `user_id`, `video_id`, `created_at`, `updated_at`) VALUES (94, 94, 94, '2009-08-23 11:47:43', '2017-08-22 20:09:56');
INSERT INTO `view_history` (`id`, `user_id`, `video_id`, `created_at`, `updated_at`) VALUES (95, 95, 95, '2006-10-22 17:31:20', '2011-03-11 14:28:48');
INSERT INTO `view_history` (`id`, `user_id`, `video_id`, `created_at`, `updated_at`) VALUES (96, 96, 96, '2006-06-03 07:45:02', '2015-11-01 16:12:57');
INSERT INTO `view_history` (`id`, `user_id`, `video_id`, `created_at`, `updated_at`) VALUES (97, 97, 97, '2001-02-09 23:23:55', '2012-01-18 04:45:13');
INSERT INTO `view_history` (`id`, `user_id`, `video_id`, `created_at`, `updated_at`) VALUES (98, 98, 98, '2000-12-06 02:13:53', '2016-04-14 04:51:58');
INSERT INTO `view_history` (`id`, `user_id`, `video_id`, `created_at`, `updated_at`) VALUES (99, 99, 99, '2008-06-11 14:54:59', '2016-09-11 06:29:35');
INSERT INTO `view_history` (`id`, `user_id`, `video_id`, `created_at`, `updated_at`) VALUES (100, 100, 100, '2004-10-30 15:11:39', '2011-12-17 02:48:09');


